<?xml version="1.0" encoding="UTF-8"?>
<ConnectionsProfiler xmlns:x="http://ipass.com/configX" xmlns:xsi="http://www.w3.org/2001/XMLSchema-instance" xsi:noNamespaceSchemaLocation="ConnectionsProfilerIOS.V1.0.xsd">
<MonitorQuality EnableManualTest="UseDefault"/>
<ProfilerProperties>
<Quality>
<Range>
<Value MinScore="75" Type="Excellent"/>
<Value MinScore="60" Type="Good"/>
<Value MinScore="30" Type="Fair"/>
<Value MinScore="0" Type="Poor"/>
</Range>
<Applications>
<Application MinDownloadKilobitsPerSecond="32" MinUploadKilobitsPerSecond="32" Type="Email"/>
<Application MinDownloadKilobitsPerSecond="128" MinUploadKilobitsPerSecond="32" Type="WebBrowsing"/>
<Application MaxLatencyMS="150" MaxPktLossPercent="0" MinDownloadKilobitsPerSecond="400" MinUploadKilobitsPerSecond="400" Type="Voice"/>
<Application MaxLatencyMS="500" MaxPktLossPercent="0" MinDownloadKilobitsPerSecond="1600" MinUploadKilobitsPerSecond="200" Type="Video"/>
</Applications>
<Params>
<Param Type="Upload" Weight="0.15">
<Grades>
<Grade MinThreshold="1.0" Score="100" Unit="MegabitsPerSecond"/>
<Grade MinThreshold="0.5" Score="50" Unit="MegabitsPerSecond"/>
<Grade MinThreshold="0.056" Score="25" Unit="MegabitsPerSecond"/>
</Grades>
</Param>
<Param Type="Download" Weight="0.5">
<Grades>
<Grade MinThreshold="1.0" Score="100" Unit="MegabitsPerSecond"/>
<Grade MinThreshold="0.5" Score="50" Unit="MegabitsPerSecond"/>
<Grade MinThreshold="0.056" Score="25" Unit="MegabitsPerSecond"/>
</Grades>
</Param>
<Param Type="Latency" Weight="0.15">
<Grades>
<Grade MinThreshold="3000" Score="0" Unit="ms"/>
<Grade MinThreshold="600" Score="25" Unit="ms"/>
<Grade MinThreshold="400" Score="50" Unit="ms"/>
<Grade MinThreshold="0" Score="100" Unit="ms"/>
</Grades>
</Param>
<Param Type="PacketLoss" Weight="0.2">
<Grades>
<Grade MinThreshold="11" Score="0" Unit="Percent"/>
<Grade MinThreshold="10" Score="25" Unit="Percent"/>
<Grade MinThreshold="1" Score="50" Unit="Percent"/>
<Grade MinThreshold="0" Score="100" Unit="Percent"/>
</Grades>
</Param>
</Params>
</Quality>
<SpeedTestConfig>
<Frequency DeltaKilobytesRecvd="100" DeltaKilobytesSent="100" EnableBackOff="Yes" Interval="00:01:00"/>
<Providers>
<HTTP>
<DownloadServers>
<Server URL="http://qos.gslb.ipass.com"/>
</DownloadServers>
<UploadServers>
<Server URL="http://qos.gslb.ipass.com/upload"/>
</UploadServers>
<ManualTest DownloadSizeMB="5" MaxDownloadTime="00:00:08" MaxUploadTime="00:00:08" UploadSizeMB="5">5mb.test</ManualTest>
</HTTP>
</Providers>
</SpeedTestConfig>
</ProfilerProperties>
</ConnectionsProfiler>
