<?xml version="1.0" encoding="utf-8"?>
<Resources xmlns:xsi="http://www.w3.org/2001/XMLSchema-instance" xsi:noNamespaceSchemaLocation="iPassResources.xsd">
<Resource ID="EULA.VpnTermsOfUseText" Type="File">
    <Value>VPN-Privacy-Statement-it-IT.html</Value>
  </Resource>
   <Resource ID="EULA.TermsOfUseText" Type="File">
    <Value>LicenseAgreement-it-IT.html</Value>
  </Resource>
  <Resource ID="EULA.TermsOfUseTitle" Type="Text">
    <Value>Termini di utilizzo</Value>
  </Resource>
  <Resource ID="EULA.AcceptButtonTitle" Type="Text">
    <Value>Accetto</Value>
  </Resource>
  <Resource ID="EULA.PrivacyPolicyText" Type="File">
    <Value>PrivacyPolicy-it-IT.html</Value>
  </Resource>
  <Resource ID="EULA.PrivacyPolicyTitle" Type="Text">
    <Value>Tutela dei dati personali</Value>
  </Resource>
   <Resource ID="EULA.LegalInfoTitle" Type="Text">
    <Value>Informazioni legali</Value>
  </Resource>
    <Resource ID="very_low_signal_Strength" Type="Text">
        <Value>In questo momento il segnale è debole. Potresti avere problemi di connessione. Vuoi provare comunque?</Value>
    </Resource>
    <Resource ID="str_Continue" Type="Text">
        <Value>Continua</Value>
    </Resource>
    <Resource ID="str_cancel" Type="Text">
        <Value>Annulla</Value>
    </Resource>
    
    <Resource ID="level1_ConnFailed" Type="Text">
        <Value>Ci sono problemi di collegamento dovuti al segnale troppo debole. Prova a spostarti in un luogo dove il segnale è più forte o scegli un'altra rete.</Value>
    </Resource>
    <Resource ID="level2_ConnFailed" Type="Text">
        <Value>La connessione è stata interrotta probabilmente a causa del segnale troppo debole. Prova a spostarti in un luogo dove il segnale è più forte o scegli un'altra rete.</Value>
    </Resource>
    <Resource ID="level3_ConnFailed" Type="Text">
        <Value>È possibile che il segnale fosse troppo debole per eseguire il collegamento. Prova a spostarti in un luogo dove il segnale è più forte o scegli un'altra rete.</Value>
    </Resource>
    
    <Resource ID="non_ipass_network" Type="Text">
        <Value>Questo hotspot potrebbe non essere membro della nostra rete, anche se sembra farne parte. Se non riesci a collegarti, prova con un altro hotspot.</Value>
    </Resource>
    
    <Resource ID="service_outage_abort_login" Type="Text">
        <Value>Errore. Questo hotspot è attualmente fuori servizio. Prova con un altro hotspot.</Value>
    </Resource>
    
    <Resource ID="service_outage_info" Type="Text">
        <Value>È possibile che in questo hotspot si sia verificata un'interruzione del servizio.  Se hai problemi di connessione, prova con un altro hotspot.</Value>
    </Resource>
    <Resource ID="PreAuth_FP" Type="Text">
    <Value>Spiacenti, questa posizione non rientra nel servizio, pertanto non possiamo farti accedere automaticamente. Tuttavia, per eseguire l’accesso, puoi accedere online utilizzando un browser.</Value>
    </Resource>
    <Resource ID="GogoInFlight10000FeetErr" Type="Text">
        <Value>Il servizio Wi-Fi sui voli aerei non sarà disponibile finché non sia raggiunta un’altitudine di 10.000 piedi.  Riprova più tardi.</Value>
    </Resource>
    <Resource ID="str_ok" Type="Text">
        <Value>Ok</Value>
    </Resource>
</Resources>