<?xml version="1.0" encoding="utf-8"?>
<Resources xmlns:xsi="http://www.w3.org/2001/XMLSchema-instance" xsi:noNamespaceSchemaLocation="iPassResources.xsd">
  <Resource ID="EULA.VpnTermsOfUseText" Type="File">
    <Value>VPN-Privacy-Statement-es-ES.html</Value>
  </Resource>
   <Resource ID="EULA.TermsOfUseText" Type="File">
    <Value>LicenseAgreement-es-ES.html</Value>
  </Resource>
  <Resource ID="EULA.TermsOfUseTitle" Type="Text">
    <Value>Términos de uso</Value>
  </Resource>
  <Resource ID="EULA.AcceptButtonTitle" Type="Text">
    <Value>Aceptar</Value>
  </Resource>
  <Resource ID="EULA.PrivacyPolicyText" Type="File">
    <Value>PrivacyPolicy-es-ES.html</Value>
  </Resource>
  <Resource ID="EULA.PrivacyPolicyTitle" Type="Text">
    <Value>Política de privacidad</Value>
  </Resource>
   <Resource ID="EULA.LegalInfoTitle" Type="Text">
    <Value>Información legal</Value>
  </Resource>
    <Resource ID="very_low_signal_Strength" Type="Text">
        <Value>La intensidad de la señal es débil ahora, puede que tenga problemas para conectarse. ¿Desea intentarlo de todos modos?</Value>
    </Resource>
    <Resource ID="str_Continue" Type="Text">
        <Value>Continuar</Value>
    </Resource>
    <Resource ID="str_cancel" Type="Text">
        <Value>Cancelar</Value>
    </Resource>
    
    <Resource ID="level1_ConnFailed" Type="Text">
        <Value>Parece que una señal débil impidió su conexión. Intente trasladarse a una ubicación con una señal más fuerte o seleccione otra red.</Value>
    </Resource>
    <Resource ID="level2_ConnFailed" Type="Text">
        <Value>Probablemente, una señal débil hizo que su conexión fallará. Intente trasladarse a una ubicación con una señal más fuerte o seleccione otra red.</Value>
    </Resource>
    <Resource ID="level3_ConnFailed" Type="Text">
        <Value>Es posible que la señal no fuese lo suficientemente fuerte para conectarse. Intente trasladarse a una ubicación con una señal más fuerte o seleccione otra red.</Value>
    </Resource>
    
    <Resource ID="non_ipass_network" Type="Text">
        <Value>¡Lo sentimos! Aunque esta zona inalámbrica parece ser parte de nuestra red, puede no ser miembro y no le permitirá registrarse. Intente con otra zona inalámbrica.</Value>
    </Resource>
    
    <Resource ID="service_outage_abort_login" Type="Text">
        <Value>¡Lo sentimos! Esta zona con cobertura inalámbrica está experimentando una interrupción confirmada de servicio. Intente con otra zona con cobertura inalámbrica.</Value>
    </Resource>
    
    <Resource ID="service_outage_info" Type="Text">
        <Value>Es posible que esta zona con cobertura inalámbrica esté experimentando una interrupción de servicio.  Si tiene problemas para conectarse, por favor, intente usar otra zona con cobertura inalámbrica.</Value>
    </Resource>
    <Resource ID="PreAuth_FP" Type="Text">
        <Value>Lo sentimos, esta ubicación no forma parte del servicio, por lo que no puede iniciar sesión automáticamente aquí. Sin embargo, debería poder conectarse en línea con un explorador para realizar el inicio de sesión.</Value>
    </Resource>
    <Resource ID="GogoInFlight10000FeetErr" Type="Text">
        <Value>El servicio de Wi-Fi en aviones no está disponible hasta que el avión alcanza una altura de 10.000 pies.  Vuelva a intentarlo más tarde.</Value>
    </Resource>
    <Resource ID="str_ok" Type="Text">
        <Value>Aceptar</Value>
    </Resource>

</Resources>