<?xml version="1.0" encoding="UTF-8"?>
<!--Sample XML file generated by XMLSpy v2011 rel. 3 sp1 (x64) (http://www.altova.com)-->
<Help xsi:noNamespaceSchemaLocation="Help.xsd" xmlns:xsi="http://www.w3.org/2001/XMLSchema-instance">
	<HelpItem>
		<Question>如何开始使用iPass帐户？</Question>
		<Answer>点击“返回”按钮转至激活屏幕或点击主屏幕上的“激活”按钮。进入欢迎屏幕后，点击“快速入门”按钮。输入您的公司邮件地址，并点击“继续”。然后，在下一个屏幕上输入用户名和密码以完成激活。如需用户名或密码，请联系您的公司技术支持或通过help@ipass.com联系iPass。 </Answer>
	</HelpItem>
	<HelpItem>
		<Question>如果忘记用户名或密码怎么办？</Question>
		<Answer>通常，用户名和密码与您的公司登录信息相同。如果不同，请联系您的公司技术支持或通过help@ipass.com联系iPass。</Answer>
	</HelpItem>
	<HelpItem>
		<Question> 如何重置或检索我的密码？</Question>
		<Answer> 如果您的公司启用了此功能，则可通过Open Mobile门户(https://openmobile.ipass.com/moservices/)或iPass内部支持页面重置或检索您的密码。如果这些方法不可用，请联系您的公司技术支持或通过help@ipass.com联系iPass。</Answer>
	</HelpItem>
	<HelpItem>
		<Question>如果登录或连接时遇到问题怎么办？</Question>
		<Answer> 以下是一些建议。首先，通过点击“设置”齿轮&gt;“帐户设置”来尝试更新您的iPass登录信息。第二，您可能所处的位置不佳，移动至信号较强的位置可能会解决一切问题。最后，如果Wi-Fi网络与我们其中一个网络共享一个名称，则它可能显示为iPass，即使它不是俱乐部的一员。</Answer>
	</HelpItem>
	<HelpItem>
		<Question>如果登录到Gogo Inflight时遇到问题怎么办？</Question>
		<Answer>确保您在尝试访问Gogo Inflight之前位于10,000英尺以上，关闭自动校正，并在输入CAPTCHA短语时检查大小写敏感性。如果CAPTCHA未通过，则打开Web浏览器，点击页面底部的“漫游”选项，从合作伙伴的下拉菜单中选择iPass，然后输入您的iPass凭据。</Answer>
	</HelpItem>
	<HelpItem>
		<Question>什么地方能使用iPass？</Question>
		<Answer>您在大多数主要机场、机上、餐馆、公园、户外场地及咖啡厅都能使用iPass。使用主屏幕上的热点查找工具查找您附近启用了iPass的热点。此外，您还可通过下载热点列表进行提前规划，即点击“设置” > 选首选旅游目的地后选您的优先地区。</Answer>
	</HelpItem>
	<HelpItem>
		<Question> 如何报告问题？</Question>
		<Answer>点击“帮助”图标（主屏幕左上侧的问号）&gt;“报告问题”。将电子邮件地址输入至弹出的电子邮件并点击“发送”。</Answer>
	</HelpItem>
	<HelpItem>
		<Question>如果需要更多帮助怎么办？</Question>
		<Answer>如需帮助，请通过help@ipass.com联系iPass并提供您所遇到问题的简短描述。请包含您的公司电子邮件地址、位置（例如城市、酒店等）以及Wi-Fi热点。</Answer>
	</HelpItem>
	
	<HelpItem>
		<Question>什么是自动登录？</Question>
		<Answer> 此设置使我们能够发挥奇迹，在设备检测到网络并联网后，您将自动登录到iPass网络。</Answer>
	</HelpItem>
		<HelpItem>
		<Question>如何避免自动登录使我连接到特定网络？</Question>
		<Answer>您可以创建想要手动登录的您自己的网络列表。点击“设置”齿轮&gt;“手动登录设置”将网络添加至列表。我们不会自动登录到上述任何一个网络。</Answer>
	</HelpItem>
</Help>