<?xml version="1.0" encoding="utf-8"?>
<Resources xmlns:xsi="http://www.w3.org/2001/XMLSchema-instance" xsi:noNamespaceSchemaLocation="iPassResources.xsd">
  <Resource ID="EULA.VpnTermsOfUseText" Type="File">
    <Value>VPN-Privacy-Statement-th-TH.html</Value>
  </Resource>
   <Resource ID="EULA.TermsOfUseText" Type="File">
    <Value>LicenseAgreement-th-TH.html</Value>
  </Resource>
  <Resource ID="EULA.TermsOfUseTitle" Type="Text">
    <Value>ข้อกำหนดการใช้งาน</Value>
  </Resource>
  <Resource ID="EULA.AcceptButtonTitle" Type="Text">
    <Value>ยอมรับ</Value>
  </Resource>
  <Resource ID="EULA.PrivacyPolicyText" Type="File">
    <Value>PrivacyPolicy-th-TH.html</Value>
  </Resource>
  <Resource ID="EULA.PrivacyPolicyTitle" Type="Text">
    <Value>นโยบายความเป็นส่วนตัว</Value>
  </Resource>
   <Resource ID="EULA.LegalInfoTitle" Type="Text">
    <Value>ข้อมูลทางกฎหมาย</Value>
  </Resource>
    <Resource ID="very_low_signal_Strength" Type="Text">
        <Value>ขณะนี้ความแรงของสัญญาณไม่ดี และคุณอาจมีปัญหาในการเชื่อมต่อ ยังต้องการลองเชื่อมต่อหรือไม่</Value>
    </Resource>
    <Resource ID="str_Continue" Type="Text">
        <Value>ดำเนินการต่อ </Value>
    </Resource>
    <Resource ID="str_cancel" Type="Text">
        <Value>ยกเลิก</Value>
    </Resource>
    
    <Resource ID="level1_ConnFailed" Type="Text">
        <Value>ดูเหมือนสัญญาณที่อ่อนนี้มีผลต่อการเชื่อมต่อของคุณ ลองย้ายไปยังตำแหน่งที่สัญญาณแรงขึ้นหรือเลือกเครือข่ายอื่น</Value>
    </Resource>
    <Resource ID="level2_ConnFailed" Type="Text">
        <Value>สัญญาณอ่อนอาจทำให้คุณไม่สามารถเชื่อมต่อได้ ลองย้ายไปยังตำแหน่งที่สัญญาณแรงขึ้นหรือเลือกเครือข่ายอื่น</Value>
    </Resource>
    <Resource ID="level3_ConnFailed" Type="Text">
        <Value>เป็นไปได้ว่าสัญญาณไม่แรงพอที่จะเชื่อมต่อได้ ลองย้ายไปยังตำแหน่งที่สัญญาณแรงขึ้นหรือเลือกเครือข่ายอื่น</Value>
    </Resource>
    
    <Resource ID="non_ipass_network" Type="Text">
        <Value>ขออภัย! แม้ฮอตสปอตนี้จะดูเหมือนเป็นส่วนหนึ่งของเครือข่ายเรา แต่ไม่สามารถใช้เป็นสมาชิกและไม่ให้คุณเข้าระบบ โปรดลองใช้ฮอตสปอตอื่น</Value>
    </Resource>
    
    <Resource ID="service_outage_abort_login" Type="Text">
        <Value>ขออภัย! ฮอตสปอตนี้กำลังประสบปัญหาบริการที่ได้รับการยืนยันหยุดทำงาน โปรดลองใช้ฮอตสปอตอื่น</Value>
    </Resource>
    
    <Resource ID="service_outage_info" Type="Text">
        <Value>ฮอตสปอตนี้อาจกำลังประสบปัญหาบริการหยุดทำงาน  หากคุณกำลังมีปัญหาในการเชื่อมต่อ โปรดลองใช้ฮอตสปอตอื่น</Value>
    </Resource>
    <Resource ID="PreAuth_FP" Type="Text">
    <Value>ขออภัย สถานที่นี้ไม่ใช่สมาชิกของบริการ เราไม่สามารถเข้าสู่ระบบให้คุณโดยอัตโนมัติได้ อย่างไรก็ตาม - คุณจะสามารถออนไลน์ได้โดยใช้เบราเซอร์เพื่อเข้าสู่ระบบ</Value>
    </Resource>
    <Resource ID="GogoInFlight10000FeetErr" Type="Text">
        <Value>You have to be above 10,000 feet to connect to this network.</Value>
    </Resource>
    <Resource ID="str_ok" Type="Text">
        <Value>ตกลง</Value>
    </Resource>
</Resources>