<?xml version="1.0" encoding="UTF-8"?>
<!--Sample XML file generated by XMLSpy v2011 rel. 3 sp1 (x64) (http://www.altova.com)-->
<Help xsi:noNamespaceSchemaLocation="Help.xsd" xmlns:xsi="http://www.w3.org/2001/XMLSchema-instance">
	<HelpItem>
		<Question>Come faccio a iniziare a utilizzare il mio account iPass?</Question>
		<Answer>Tocca il pulsante Indietro, per tornare alla schermata di attivazione oppure seleziona Attiva (nella schermata principale). Quando ti trovi nella schermata di benvenuto, tocca il pulsante Per cominciare. Inserisci il tuo indirizzo e-mail aziendale e tocca Continua. Quindi, per completare l’attivazione, immetti nome utente e password. Se non conosci il tuo nome utente o la password, contatta l’help desk della tua azienda oppure iPass, all’indirizzo: help@ipass.com. </Answer>
	</HelpItem>
	<HelpItem>
		<Question>Cosa faccio, se non ricordo il nome utente o la password?</Question>
		<Answer>In genere, il nome utente e la password riflettono le credenziali di login aziendali. In caso contrario, contatta l’help desk della tua azienda oppure iPass, all’indirizzo: help@ipass.com.</Answer>
	</HelpItem>
	<HelpItem>
		<Question> Come faccio a reimpostare o recuperare la password?</Question>
		<Answer> Se questa funzione è stata abilitata dall’azienda, è possibile reimpostare o recuperare la password dal portale Open Mobile (https://openmobile.ipass.com/moservices/) o dalla pagina di assistenza interna di iPass. In alternativa, contatta l’help desk della tua azienda oppure iPass, all’indirizzo: help@ipass.com.</Answer>
	</HelpItem>
	<HelpItem>
		<Question>Cosa fare in caso di problemi di accesso o connessione?</Question>
		<Answer> Ecco alcuni consigli. Innanzitutto, prova ad aggiornare le informazioni di accesso a iPass, selezionando la rotellina Impostazioni &gt; Impostazioni account. Quindi assicurati di non trovarti in un’area con copertura bassa e spostati dove il segnale è più forte, ciò potrebbe risolvere il problema. Infine, se una rete Wi-Fi presenta lo stesso nome di una delle nostre reti, può essere visualizzata come rete iPass, anche se non lo è.</Answer>
	</HelpItem>
	<HelpItem>
		<Question>Cosa fare in caso di problemi di accesso a Gogo Inflight?</Question>
		<Answer>Assicurati di aver raggiunto un’altitudine di 10.000 piedi prima di tentare l’accesso a Gogo Inflight, quindi disattiva la correzione automatica e accertati di inserire correttamente le lettere maiuscole e minuscole del testo CAPTCHA visualizzato. Se non riesci a inserire il CAPTCHA, apri un browser Web, tocca l’opzione Roaming nell’area inferiore della pagina, seleziona iPass dal menu a discesa dei partner e immetti le tue credenziali iPass.</Answer>
	</HelpItem>
	<HelpItem>
		<Question>Dove posso utilizzare iPass?</Question>
		<Answer>iPass ti offre la copertura nella maggior parte dei principali aeroporti, ristoranti, parchi, e bar del mondo ed è supportato anche in volo. Utilizza Trova hotspot (nella schermata principale) per trovare l’hotspot iPass più vicino. Oppure organizzati prima e scarica un elenco degli hotspot, a cui potrai accedere successivamente anche senza connessione Internet, toccando la rotellina Impostazioni > Preferenze di Viaggio e selezionando i luoghi desiderati. </Answer>
	</HelpItem>
	<HelpItem>
		<Question> Come faccio a segnalare un problema?</Question>
		<Answer>Tocca l’icona Guida (il simbolo “?” nell’area superiore sinistra della schermata principale) &gt; Segnala un problema. Inserisci un indirizzo e-mail nell’area visualizzata e tocca Invia.</Answer>
	</HelpItem>
	<HelpItem>
		<Question>Cosa faccio se ho bisogno di aiuto?</Question>
		<Answer>Se ti serve aiuto, contatta iPass all’indirizzo “help@ipass.com”, includendo una breve descrizione del problema riscontrato. Non dimenticare di includere: il tuo indirizzo e-mail aziendale, la tua posizione (ad es., città, hotel, ecc.) e l’hotspot Wi-Fi.</Answer>
	</HelpItem>
	
	<HelpItem>
		<Question>Che cos’è il login automatico?</Question>
		<Answer> Si tratta dell’impostazione che ci consente di farti accedere automaticamente, come per magia, a una rete iPass, una volta che il tuo dispositivo abbia rilevato la rete ed eseguito la connessione.</Answer>
	</HelpItem>
		<HelpItem>
		<Question>Come faccio a impedire che il login automatico mi connetta a una rete specifica?</Question>
		<Answer>Puoi creare un elenco personale di reti a cui preferisci accedere manualmente. Tocca la rotellina Impostazioni &gt; Impostazioni login manuale, per aggiungere il nome di una rete all’elenco. Non ti faremo più accedere automaticamente alle reti inserite.</Answer>
	</HelpItem>
</Help>