<?xml version="1.0" encoding="utf-8"?>
<Resources xmlns:xsi="http://www.w3.org/2001/XMLSchema-instance" xsi:noNamespaceSchemaLocation="iPassResources.xsd">
   <Resource ID="EULA.VpnTermsOfUseText" Type="File">
    <Value>VPN-Privacy-Statement-de-DE.html</Value>
  </Resource>
   <Resource ID="EULA.TermsOfUseText" Type="File">
    <Value>LicenseAgreement-de-DE.html</Value>
  </Resource>
  <Resource ID="EULA.TermsOfUseTitle" Type="Text">
    <Value>Nutzungsbedingungen</Value>
  </Resource>
  <Resource ID="EULA.AcceptButtonTitle" Type="Text">
    <Value>Akzeptieren</Value>
  </Resource>
  <Resource ID="EULA.PrivacyPolicyText" Type="File">
    <Value>PrivacyPolicy-de-DE.html</Value>
  </Resource>
  <Resource ID="EULA.PrivacyPolicyTitle" Type="Text">
    <Value>Datenschutzrichtlinie</Value>
  </Resource>
   <Resource ID="EULA.LegalInfoTitle" Type="Text">
    <Value>Rechtliche Hinweise</Value>
  </Resource>
    <Resource ID="very_low_signal_Strength" Type="Text">
        <Value>Ihre Signalstärke ist derzeit schwach, was zu Problemen bei der Herstellung einer Verbindung führen kann. Möchten Sie es trotzdem versuchen?</Value>
    </Resource>
    <Resource ID="str_Continue" Type="Text">
        <Value>Weiter</Value>
    </Resource>
    <Resource ID="str_cancel" Type="Text">
        <Value>Abbrechen</Value>
    </Resource>
    
    <Resource ID="level1_ConnFailed" Type="Text">
        <Value>Offenbar hat ein schwaches Signal dazu geführt, dass die Verbindung gestört wurde. Begeben Sie sich an einen Ort mit einem stärkeren Signal oder wählen Sie ein anderes Netzwerk.</Value>
    </Resource>
    <Resource ID="level2_ConnFailed" Type="Text">
        <Value>Ein schwaches Signal hat offenbar dazu geführt, dass die Verbindung fehlgeschlagen ist. Begeben Sie sich an einen Ort mit einem stärkeren Signal oder wählen Sie ein anderes Netzwerk.</Value>
    </Resource>
    <Resource ID="level3_ConnFailed" Type="Text">
        <Value>Es ist möglich, dass das Signal nicht ausreichend war, um eine Verbindung herzustellen. Begeben Sie sich an einen Ort mit einem stärkeren Signal oder wählen Sie ein anderes Netzwerk.</Value>
    </Resource>
    <Resource ID="non_ipass_network" Type="Text">
        <Value>Dieser Hotspot gehört zwar offenbar zum Netzwerk, ist aber möglicherweise kein Mitglied und eine Anmeldung ist nicht möglich. Testen Sie einen anderen Hotspot.</Value>
    </Resource>
    
    <Resource ID="service_outage_abort_login" Type="Text">
        <Value>Es tut uns Leid! Bei diesem Hotspot liegt derzeit ein bekannter Dienstausfall vor. Bitte versuchen Sie es mit einem anderen Hotspot.</Value>
    </Resource>
    
    <Resource ID="service_outage_info" Type="Text">
        <Value>Bei diesem Hotspot liegt möglicherweise ein Dienstausfall vor.  Falls Sie Probleme mit der Verbindung haben,  versuchen Sie es bitte mit einem anderen Hotspot.</Value>
    </Resource>
    <Resource ID="PreAuth_FP" Type="Text">
        <Value>Dieser Standort ist kein Teil des Dienstes. Daher können wir Sie nicht automatisch anmelden. Es sollte jedoch möglich sein, dass Sie über einen Browser die Internetverbindung herstellen und die Anmeldung abschließen.</Value>
    </Resource>
    <Resource ID="GogoInFlight10000FeetErr" Type="Text">
        <Value>Wi-Fi im Flugmodus ist erst ab einer Flughöhe von gut 3000 m verfügbar.  Versuchen Sie es später erneut</Value>
    </Resource>
    <Resource ID="str_ok" Type="Text">
        <Value>OK</Value>
    </Resource>

</Resources>