<?xml version="1.0" encoding="UTF-8"?>
<!--Sample XML file generated by XMLSpy v2011 rel. 3 sp1 (x64) (http://www.altova.com)-->
<Help xsi:noNamespaceSchemaLocation="Help.xsd" xmlns:xsi="http://www.w3.org/2001/XMLSchema-instance">
	<HelpItem>
		<Question>iPass アカウントを開始するには?</Question>
		<Answer>[戻る] ボタンをタップしてアクティベーション画面に戻るか、メイン画面にある [アクティベート] ボタンをタップします。ようこそ画面が開いたら、[はじめに] ボタンをタップします。会社のメールアドレスを入力して [続ける] をタップします。次の画面でユーザー名とパスワードを入力し、アクティベーションを完了します。ユーザー名やパスワードが必要な場合は、会社のヘルプデスクまたは help@ipass.com から iPass にお問い合わせください。 </Answer>
	</HelpItem>
	<HelpItem>
		<Question>ユーザー名やパスワードがわからない場合は?</Question>
		<Answer>多くの場合、ユーザー名とパスワードは会社のログイン情報と同一です。そうでない場合は、会社のヘルプデスクまたは help@ipass.com から iPass にお問い合わせください。</Answer>
	</HelpItem>
	<HelpItem>
		<Question> パスワードをリセットまたは回復する方法は?</Question>
		<Answer> お客様の会社がこの機能を有効にしている場合、Open Mobile Portal (https://openmobile.ipass.com/moservices/) またはお客様の内部 iPass サポートページでパスワードをリセットまたは回復できます。こうした機能を利用できない場合は、会社のヘルプデスクまたは help@ipass.com から iPass にお問い合わせください。</Answer>
	</HelpItem>
	<HelpItem>
		<Question>ログインまたは接続に問題が発生した場合は?</Question>
		<Answer> ここでは 2 つのヒントをご紹介します。まず、[設定] の歯車アイコン &gt; [アカウント設定] をタップして、iPass ログイン情報を更新してみてください。もう 1 つの解決策は、場所を移動することです。お客様は接続状態の悪い場所にいる可能性があります。電波が強い場所に移動すれば、すべて解決される可能性があります。また、弊社のネットワークと同じ名前を持つ Wi-Fi ネットワークが、弊社のネットワークではないにもかかわらず、iPass として表示される可能性があります。</Answer>
	</HelpItem>
	<HelpItem>
		<Question>Gogo Inflight へのログインに問題が発生した場合は?</Question>
		<Answer>Gogo Inflight にアクセスするには 10,000 フィートを上回る高度にいる必要があります。CAPTCHA のフレーズを入力する際はオートコレクトをオフにして、大文字と小文字の区別を確認してください。CAPTCHA に失敗する場合はウェブブラウザを開き、ページの一番下にある [ローミング] オプションをタップします。パートナーのドロップダウンメニューから iPass を選択し、iPass の認証情報を入力します。</Answer>
	</HelpItem>
	<HelpItem>
		<Question>iPass はどこで使用できますか。</Question>
		<Answer>iPass はほとんどの主要空港、機内、レストラン、公園、屋外イベント会場、カフェをカバーしています。メイン画面のホットスポット検索を使って、近くにある iPass 対応ホットスポットを見つけましょう。さらに、[設定] の歯車アイコン &gt; [優先するトラベル先]をタップして優先する地域を選択し、後ほどインターネットなしでアクセスするホットスポットのリストをあらかじめダウンロードしておくこともできます。</Answer>
	</HelpItem>
	<HelpItem>
		<Question> 問題を報告する方法は?</Question>
		<Answer>[ヘルプ] アイコン (メイン画面左上のクエスチョンマーク) &gt; [問題を報告] をタップします。ポップアップ表示される電子メールにメールアドレスを入力し、[送信] をタップします。</Answer>
	</HelpItem>
	<HelpItem>
		<Question>さらに詳しいヘルプが必要な場合は?</Question>
		<Answer>お困りのことがありましたら、簡単な状況説明を添えて help@ipass.com から iPass にお問い合わせください。会社のメールアドレス、ロケーション (都市、ホテルなど)、Wi-Fi ホットスポットを記載してください。</Answer>
	</HelpItem>
	
	<HelpItem>
		<Question>自動ログインとは？</Question>
		<Answer> デバイスがネットワークを検出・接続次第、iPass に自動的にログインできる便利な設定です。</Answer>
	</HelpItem>
		<HelpItem>
		<Question>特定のネットワークへの自動ログイン接続を回避する方法は?</Question>
		<Answer>手動ログインにしたいネットワークがある場合、そのリストを作成できます。[設定] の歯車アイコン &gt; [手動ログイン設定] をタップして、リストにネットワークを追加します。このリストに追加されたネットワークでは、自動ログインが行われません。</Answer>
	</HelpItem>
</Help>