<?xml version="1.0" encoding="UTF-8"?>
<!--Sample XML file generated by XMLSpy v2011 rel. 3 sp1 (x64) (http://www.altova.com)-->
<Help xsi:noNamespaceSchemaLocation="Help.xsd" xmlns:xsi="http://www.w3.org/2001/XMLSchema-instance">
	<HelpItem>
		<Question>내 iPass 계정을 어떻게 시작합니까?</Question>
		<Answer>뒤로 버튼을 눌러 활성화 화면으로 돌아가거나 기본 화면의 활성화 버튼을 누릅니다. 시작 화면이 표시되면 시작하기 버튼을 누릅니다. 회사 이메일 주소를 입력하고 계속을 누릅니다. 다음에 표시되는 화면에 사용자명과 암호를 입력하여 활성화를 완료합니다. 사용자명과 암호가 필요한 경우 회사 지원 센터나 iPass(help@ipass.com)로 문의하세요. </Answer>
	</HelpItem>
	<HelpItem>
		<Question>사용자명과 암호를 잊은 경우 어떻게 합니까?</Question>
		<Answer>사용자명과 암호는 회사 로그인 정보와 동일한 경우가 많습니다. 그렇지 않은 경우에는 회사 지원 센터나 iPass(help@ipass.com)로 문의하세요.</Answer>
	</HelpItem>
	<HelpItem>
		<Question> 암호를 재설정하거나 검색하려면 어떻게 해야 합니까?</Question>
		<Answer> 회사에서 이 기능이 활성화되어 있는 경우 Open Mobile 포털(https://openmobile.ipass.com/moservices/)이나 내부 iPass 지원 페이지에서 암호를 재설정하거나 검색할 수 있습니다. 이 기능을 사용할 수 없는 경우에는 회사 지원 센터나 iPass(help@ipass.com)로 문의하세요.</Answer>
	</HelpItem>
	<HelpItem>
		<Question>로그인이나 연결에 문제가 있는 경우 어떻게 합니까?</Question>
		<Answer> 다음과 같은 작업을 수행해 보세요. 첫째, 설정 기어 &gt; 계정 설정을 눌러 iPass 로그인 정보를 업데이트해 보세요. 둘째, 잘못된 위치에 있을 수 있으므로 신호가 더 강한 곳으로 이동하면 모든 문제가 해결될 수 있습니다. 마지막으로, Wi-Fi 네트워크에서 당사 네트워크 중 하나와 이름을 공유할 경우 클럽의 멤버가 아니라 하더라도 iPass로 나타날 수 있습니다.</Answer>
	</HelpItem>
	<HelpItem>
		<Question>Gogo Inflight에 로그인하는 데 문제가 있는 경우 어떻게 합니까?</Question>
		<Answer>Gogo Inflight에 액세스하기 전에 10,000피트 이상의 상공에 있는지 확인하고, CAPTCHA 구문을 입력 시 자동 수정 기능을 끄고 대소문자를 확인합니다. CAPTCHA가 실패하면 웹 브라우저를 열고 페이지 맨 아래에 있는 로밍 옵션을 누르고 파트너 드롭다운 메뉴에서 iPass를 선택한 다음 iPass 자격 증명을 입력합니다.</Answer>
	</HelpItem>
	<HelpItem>
		<Question>iPass는 어디서 사용할 수 있습니까?</Question>
		<Answer>iPass는 대부분의 주요 공항, 기내, 레스토랑, 공원, 야외 장소 및 카페에서 사용할 수 있습니다. 핫스팟 찾기(기본 화면)를 사용하여 근처에 있는 iPass 지원 핫스팟을 찾아보세요. 또한, 설정 기어 &gt; 설정> 여행 선호지를 눌러 원하는 지역을 설정하여 인터넷없이 나중에 액세스 할 수 있는 핫스팟 목록을 다운로드하여 미리 계획을 세웁니다.</Answer>
	</HelpItem>
	<HelpItem>
		<Question> 문제 보고는 어떻게 합니까?</Question>
		<Answer>도움말 아이콘(기본 화면의 왼쪽 상단에 있는 물음표) &gt; 문제 보고를 누릅니다. 이메일 팝업에 이메일 주소를 입력하고 보내기를 누릅니다.</Answer>
	</HelpItem>
	<HelpItem>
		<Question>도움이 더 필요한 경우에는 어떻게 합니까?</Question>
		<Answer>지원이 필요한 경우 어떤 문제가 발생했는지 간략한 설명과 함께 iPass(help@ipass.com)에 문의하세요. 회사 이메일, 위치(예: 도시, 호텔 등) 및 Wi-Fi 핫스팟을 함께 기재해 주세요.</Answer>
	</HelpItem>
	
	<HelpItem>
		<Question>자동 로그인이란 무엇입니까?</Question>
		<Answer> 이 설정을 사용하면 사용자의 장치가 네트워크를 감지하여 연결한 후 사용자가 iPass 네트워크에 자동으로 로그인됩니다.</Answer>
	</HelpItem>
		<HelpItem>
		<Question>자동 로그인으로 특정 네트워크에 연결되지 않게 하려면 어떻게 해야 하나요?</Question>
		<Answer>수동으로 로그인하기를 원하는 자신의 네트워크 목록을 만들 수 있습니다. 설정 기어 &gt; 수동 로그인 설정을 눌러 목록에 네트워크를 추가합니다. 이러한 네트워크에는 자동으로 로그인되지 않습니다.</Answer>
	</HelpItem>
</Help>