<?xml version="1.0" encoding="UTF-8"?>
<!--Sample XML file generated by XMLSpy v2011 rel. 3 sp1 (x64) (http://www.altova.com)-->
<Help xsi:noNamespaceSchemaLocation="Help.xsd" xmlns:xsi="http://www.w3.org/2001/XMLSchema-instance">
	<HelpItem>
		<Question>¿Cómo comienzo a utilizar mi cuenta de iPass?</Question>
		<Answer>Toque el botón Volver para ir a la pantalla de activación o toque el botón Activar (en la pantalla principal). Un vez que esté en la pantalla de bienvenida, toque el botón Comenzar. Escriba la dirección de correo electrónico de su empresa y toque el botón Continuar. Luego, en la siguiente pantalla, escriba el nombre de usuario y la contraseña para finalizar la activación. Si necesita ayuda con el nombre de usuario o la contraseña, comuníquese con el servicio de asistencia de su empresa o con iPass, mediante el correo electrónico help@ipass.com. </Answer>
	</HelpItem>
	<HelpItem>
		<Question>¿Qué sucede si olvidé mi nombre de usuario o mi contraseña?</Question>
		<Answer>Por lo general, el usuario de nombre y la contraseña son los mismos que utiliza para iniciar sesión en su empresa. De lo contrario, comuníquese con el servicio de asistencia de su empresa o con iPass, mediante el correo electrónico help@ipass.com.</Answer>
	</HelpItem>
	<HelpItem>
		<Question> ¿Cómo puedo reiniciar o recuperar la contraseña?</Question>
		<Answer> Si la empresa habilitó esta función, puede reiniciar o recuperar la contraseña en Open Mobile Portal (https://openmobile.ipass.com/moservices/) o en la página de soporte técnico interna de iPass. De lo contrario, comuníquese con el servicio de asistencia de su empresa o con iPass, mediante el correo electrónico help@ipass.com.</Answer>
	</HelpItem>
	<HelpItem>
		<Question>Tengo problemas para conectarme o para iniciar sesión, ¿qué debo hacer?</Question>
		<Answer> A continuación, encontrará algunas sugerencias. Primero, intente actualizar la información de inicio de sesión de iPass mediante la rueda de Ajustes &gt; Ajustes de cuenta. Segundo, puede que se encuentre en una mala ubicación. Si se mueve a un lugar con una señal más intensa, puede que se solucione el problema. Por último, si una red Wi-Fi comparte el nombre con una de nuestras redes, puede mostrarse como iPass, aunque no pertenezca al club.</Answer>
	</HelpItem>
	<HelpItem>
		<Question>Tengo problemas para iniciar sesión en Gogo Inflight, ¿qué debo hacer?</Question>
		<Answer>Verifique que está a una altura superior a los 10 000 pies antes de intentar acceder a Gogo Inflight. Desactive la función de autocorrección y compruebe las mayúsculas y minúsculas cuando escriba la palabra de CAPTCHA. Si esto falla, abra un navegador web y seleccione la opción Roaming en la parte inferior de la página. En el menú desplegable de proveedores, seleccione iPass y, luego, escriba las credenciales de iPass.</Answer>
	</HelpItem>
	<HelpItem>
		<Question>¿Dónde puedo usar iPass?</Question>
		<Answer>iPass le brinda cobertura en la mayoría de los aeropuertos, vuelos, restaurantes, parques, lugares al aire libre y bares. Use el buscador de puntos de acceso (en la pantalla principal) para encontrar un punto de acceso compatible con iPass cerca de su ubicación. Además, descargue una lista de los puntos de acceso, para planificar con antelación sus tareas. Para acceder a esta lista, seleccione la rueda de Ajustes > Preferencias de Viaje y seleccionando sus regiones preferidas.</Answer>
	</HelpItem>
	<HelpItem>
		<Question> ¿Cómo puedo informar de un problema?</Question>
		<Answer>Toque el botón Ayuda (el signo de interrogación en la parte superior izquierda de la pantalla principal) &gt; Informar un problema. Escriba una dirección de correo electrónico en el cuadro de diálogo emergente y seleccione Enviar.</Answer>
	</HelpItem>
	<HelpItem>
		<Question>¿Necesita más ayuda?</Question>
		<Answer>Si necesita asistencia, comuníquese con iPass, mediante el correo electrónico help@ipass.com. Incluya una descripción breve del problema detectado. Incluya lo siguiente: el correo electrónico de su empresa, la ubicación (p. ej., ciudad, hotel o aeropuerto, etc.) y el punto de acceso Wi-Fi.</Answer>
	</HelpItem>
	
	<HelpItem>
		<Question>¿Qué es el inicio de sesión automático?</Question>
		<Answer> Este ajuste nos permite poner en práctica nuestra magia e iniciar sesión automáticamente en una de nuestras redes, una vez que usted o su dispositivo se haya conectado a ella.</Answer>
	</HelpItem>
		<HelpItem>
		<Question>¿Cómo evito el inicio de sesión automático en una red específica?</Question>
		<Answer>Puede crear un lista de redes a las cuales prefiere conectarse de forma manual. Para agregar una red a la lista, toque la rueda de Ajustes &gt; Ajustes de inicio de sesión manual. No iniciaremos sesión en ninguna de estas redes.</Answer>
	</HelpItem>
</Help>