<?xml version="1.0" encoding="UTF-8"?>
<!--Sample XML file generated by XMLSpy v2011 rel. 3 sp1 (x64) (http://www.altova.com)-->
<Help xsi:noNamespaceSchemaLocation="Help.xsd" xmlns:xsi="http://www.w3.org/2001/XMLSchema-instance">
	<HelpItem>
		<Question>如何開始使用 iPass 帳戶？</Question>
		<Answer>點選「返回」按鈕以取得啟用畫面或者點選 (主畫面上) 的「啟用」按鈕。進入歡迎畫面後，請點選「開始使用」按鈕。請輸入您的公司電子郵件地址並點選「繼續」。然後在下個畫面輸入您的使用者名稱與密碼，即可完成啟用。如果您需要使用者名稱或密碼，請聯絡貴公司支援人員，或者以 help@ipass.com 與 iPass 聯絡。 </Answer>
	</HelpItem>
	<HelpItem>
		<Question>我忘記我的使用者名稱或密碼的話，該怎麼辦？</Question>
		<Answer>通常您的使用者名稱與密碼會與公司的登入資訊相同。如果不是如此，請聯絡貴公司支援人員，或者以 help@ipass.com 與 iPass 聯絡。</Answer>
	</HelpItem>
	<HelpItem>
		<Question> 我如何重設或擷取我的密碼？</Question>
		<Answer> 如果貴公司已啟用此功能，您就可以到 Open Mobile 入口網站 (https://openmobile.ipass.com/moservices/) 或您的內部 iPass 支援頁面重設或擷取您的密碼。如果以上資源都無法使用，請聯絡貴公司支援人員，或者以 help@ipass.com 與 iPass 聯絡。</Answer>
	</HelpItem>
	<HelpItem>
		<Question>我在登入或連線時遇到問題的話，該怎麼辦？</Question>
		<Answer> 以下提供幾個建議。首先，您可以點選「設定」齒輪 &gt; 「帳戶設定」，嘗試更新您的 iPass 登入資訊。也有可能是您的位置收訊不良，移到訊號較強的地點後也許就可解決問題。最後，如果 Wi-Fi 網路與我們的其中一個網路的名稱相同，該網路可能會顯示為 iPass，即使它並不是俱樂部的成員。</Answer>
	</HelpItem>
	<HelpItem>
		<Question>我在登入 Gogo Inflight 時遇到問題的話，該怎麼辦？</Question>
		<Answer>在存取 Gogo Inflight 之前，請確認您位在 10,000 英呎以上的高度，並且關閉自動校正，在輸入 CAPTCHA 字詞時也請確認是否有區分大小寫。如果 CAPTCHA 失敗，請開啟網頁瀏覽器，點選頁面底部的「漫遊」選項，從合作夥伴的下拉式功能表中選擇 iPass，再輸入您的 iPass 認證。</Answer>
	</HelpItem>
	<HelpItem>
		<Question>哪裡可以使用 iPass？</Question>
		<Answer>大部分的大型機場、飛行過程中、餐廳、公園、戶外場地、以及咖啡館都可以使用 iPass。請使用熱點搜尋器 (在主畫面上) 尋找附近支援 iPass 的熱點。此外，您可以點選「設定」齒輪 &gt; 「下載熱點清單」來事先下載熱點清單進行規劃，之後即可離線存取熱點。 </Answer>
	</HelpItem>
	<HelpItem>
		<Question> 我要如何回報問題？</Question>
		<Answer>請點選「說明」圖示 (主畫面左上角的問號) &gt;「報告問題」。請在彈出的電子郵件中輸入電子郵件地址，再點選「傳送」。</Answer>
	</HelpItem>
	<HelpItem>
		<Question>我需要其他協助的話該怎麼辦？</Question>
		<Answer>如果您需要協助，請以 help@ipass.com 與 iPass 聯絡，並簡短描述您遇到的問題。請提供您的公司電子郵件、地點 (例如城市、飯店等) 以及 Wi-Fi 熱點。</Answer>
	</HelpItem>
	
	<HelpItem>
		<Question>什麼是自動登入？</Question>
		<Answer> 此設定可讓我們在您的裝置偵測到 iPass 網路並且連線至該網路後，自動將您登入至網路。</Answer>
	</HelpItem>
		<HelpItem>
		<Question>如何防止「自動登入」將我登入至特定的網路？</Question>
		<Answer>您可以建立自己的優先手動登入網路清單。請點選「設定」齒輪 &gt; 「手動登入設定」以將網路新增至清單。我們不會自動登入至其中的任何網路。</Answer>
	</HelpItem>
</Help>