<?xml version="1.0" encoding="utf-8"?>
<Resources xmlns:xsi="http://www.w3.org/2001/XMLSchema-instance" Language="English" xsi:noNamespaceSchemaLocation="Resources.xsd">
  <ProfileID>0</ProfileID>
  <Resource ID="EULA.VpnTermsOfUseText" Type="File">
    <Value>VPN-Privacy-Statement-pt-BR.html</Value>
  </Resource>  
  <Resource ID="EULA.TermsOfUseText" Type="File">
    <Value>LicenseAgreement-pt-BR.html</Value>
  </Resource>
  <Resource ID="EULA.TermsOfUseTitle" Type="Text">
    <Value>Termos de uso</Value>
  </Resource>
  <Resource ID="EULA.AcceptButtonTitle">
    <Value>Aceito</Value>
  </Resource>
  <Resource ID="EULA.PrivacyPolicyText" Type="File">
    <Value>PrivacyPolicy-pt-BR.html</Value>
  </Resource>
  <Resource ID="EULA.PrivacyPolicyTitle">
    <Value>Política de privacidade</Value>
  </Resource>
  <Resource ID="EULA.LegalInfoTitle">
    <Value>Informações legais</Value>
  </Resource>

  <Resource ID="non_ipass_network" Type="Text">
    <Value>Este hotspot não faz parte do nosso serviço. Você precisará utilizar seu navegador para concluir a conexão.</Value>
  </Resource>

  <Resource ID="service_outage_abort_login" Type="Text">
    <Value>Desculpe! Este hotspot está passando por uma interrupção de serviço. Tente outro hotspot.</Value>
  </Resource>

  <Resource ID="service_outage_info" Type="Text">
    <Value>Desculpe! Este hotspot pode estar passando por interrupções no serviço. Se estiver com problemas para se conectar a ele, tente outro hotspot.</Value>
  </Resource>

  <Resource ID="GogoInFlight10000FeetErr" Type="Text">
    <Value>O Serviço de Wi-Fi a bordo não está disponível até que o avião atinja uma altitude de 10.000 pés. Tente novamente mais tarde.</Value>
  </Resource>
  
   <Resource ID="PreAuth_FP" Type="Text">
    <Value>Este local não está incluído no serviço, por isso não podemos conectar você automaticamente aqui. No entanto, para estabelecer uma conexão, você pode utilizar um navegador para concluir o login.</Value>
  </Resource>  

  <Resource ID="str_ok">
    <Value>OK</Value>
  </Resource>
  
  <Resource ID="str_cancel">
    <Value>Cancelar</Value>
  </Resource>

</Resources> 