<?xml version="1.0" encoding="utf-8"?>
<Resources xmlns:xsi="http://www.w3.org/2001/XMLSchema-instance" xsi:noNamespaceSchemaLocation="iPassResources.xsd">
  <Resource ID="EULA.VpnTermsOfUseText" Type="File">
    <Value>VPN-Privacy-Statement-ja-JA.html</Value>
  </Resource>
   <Resource ID="EULA.TermsOfUseText" Type="File">
    <Value>LicenseAgreement-ja-JA.html</Value>
  </Resource>
  <Resource ID="EULA.TermsOfUseTitle" Type="Text">
    <Value>利用規約</Value>
  </Resource>
  <Resource ID="EULA.AcceptButtonTitle" Type="Text">
    <Value>同意する</Value>
  </Resource>
  <Resource ID="EULA.PrivacyPolicyText" Type="File">
    <Value>PrivacyPolicy-ja-JA.html</Value>
  </Resource>
  <Resource ID="EULA.PrivacyPolicyTitle" Type="Text">
    <Value>プライバシー ポリシー</Value>
  </Resource>
   <Resource ID="EULA.LegalInfoTitle" Type="Text">
    <Value>法的情報</Value>
  </Resource>
    <Resource ID="very_low_signal_Strength" Type="Text">
        <Value>信号強度が弱くなっているため、接続の問題が発生する可能性があります。このまま再試行しますか？</Value>
    </Resource>
    <Resource ID="str_Continue" Type="Text">
        <Value>継続</Value>
    </Resource>
    <Resource ID="str_cancel" Type="Text">
        <Value>キャンセル</Value>
    </Resource>
    <Resource ID="level1_ConnFailed" Type="Text">
        <Value>信号強度が弱いため、接続できないようです。 信号強度が強い場所まで移動するか、別のネットワークを選択してください。</Value>
    </Resource>
    <Resource ID="level2_ConnFailed" Type="Text">
        <Value>申し訳ありませんが、 おそらく信号強度が弱いため、接続に失敗しました。 信号強度が強い場所まで移動するか、別のネットワークを選択してください。</Value>
    </Resource>
    <Resource ID="level3_ConnFailed" Type="Text">
        <Value>接続するための十分な信号強度がない可能性があります。 信号強度が強い場所まで移動するか、別のネットワークを選択してください。</Value>
    </Resource>
    
    <Resource ID="non_ipass_network" Type="Text">
        <Value>申し訳ありませんが、 このホットスポットは、弊社のネットワークの一部のように見えますが、メンバーではないため、ログインできない可能性があります。 別のホットスポットを試みてください。</Value>
    </Resource>
    
    <Resource ID="service_outage_abort_login" Type="Text">
        <Value>申し訳ありません。 このホットスポットでは現在、サービスが停止されていることが確認されています。 別のホットスポットを試してください。</Value>
    </Resource>
    
    <Resource ID="service_outage_info" Type="Text">
        <Value>このホットスポットでは、サービスが停止している可能性があります。  ホットスポットへ接続できない場合は、別のホットスポットをお試しください。</Value>
    </Resource>
    <Resource ID="PreAuth_FP" Type="Text">
    <Value>このロケーションはサービスに参加していないため、自動ログインできません。ブラウザを使用してログインすれば、オンライン接続できるようになります。</Value>
    </Resource>
    <Resource ID="GogoInFlight10000FeetErr" Type="Text">
        <Value>飛行機が高度 10,000 フィートに達するまで、機内 Wi-Fi サービスはご利用いただけません。後ほど再試行してください。</Value>
    </Resource>
    <Resource ID="str_ok" Type="Text">
        <Value>Ok</Value>
    </Resource>
</Resources>