<?xml version="1.0" encoding="UTF-8"?>
<!--Sample XML file generated by XMLSpy v2011 rel. 3 sp1 (x64) (http://www.altova.com)-->
<Help xsi:noNamespaceSchemaLocation="Help.xsd" xmlns:xsi="http://www.w3.org/2001/XMLSchema-instance">
	<HelpItem>
		<Question>Comment utiliser mon compte iPass ?</Question>
		<Answer>Appuyez sur le bouton Précédent pour revenir à l'écran d'activation ou appuyez sur le bouton Activer (sur l'écran principal). Une fois sur l'écran d'accueil, appuyez sur le bouton Mise en route. Saisissez votre adresse e-mail professionnelle et appuyez sur Continuer. Ensuite, sur l'écran suivant, saisissez votre nom d'utilisateur et votre mot de passe pour terminer l'activation. Si vous n'avez pas votre nom d'utilisateur et votre mot de passe, contactez le service informatique de votre entreprise ou iPass à l'adresse help@ipass.com. </Answer>
	</HelpItem>
	<HelpItem>
		<Question>Que faire si j'ai oublié mon nom d'utilisateur ou mon mot de passe ?</Question>
		<Answer>Très souvent, ces informations correspondent aux informations d'identification de votre entreprise. Si ce n'es pas le cas, contactez le service informatique de votre entreprise ou iPass à l'adresse help@ipass.com.</Answer>
	</HelpItem>
	<HelpItem>
		<Question> Comment réinitialiser ou récupérer mon mot de passe ?</Question>
		<Answer> Si votre entreprise a activé cette fonction, vous pouvez réinitialiser ou récupérer votre mot de passe sur le portail Open Mobile (https://openmobile.ipass.com/moservices/) ou sur la page d'assistance iPass interne. Si ce n'est pas le cas, contactez le service informatique de votre entreprise ou iPass à l'adresse help@ipass.com.</Answer>
	</HelpItem>
	<HelpItem>
		<Question>Que faire si je n'arrive pas à me connecter à iPass ou à un réseau ?</Question>
		<Answer> Voici quelques suggestions. D'abord, essayez de mettre à jour vos informations iPass en appuyant sur l'icône en forme d'engrenage Paramètres, puis sur Paramètres de compte. Puis, essayez de vous rapprocher du signal. Il se peut que vous soyez dans une zone de mauvaise réception. Si un réseau WiFi a le même nom qu'un de nos réseaux, il peut apparaître comme un réseau iPass bien qu'il ne fasse pas partie de notre club.</Answer>
	</HelpItem>
	<HelpItem>
		<Question>Que faire si je n'arrive pas à me connecter à Gogo Inflight ?</Question>
		<Answer>Assurez-vous de vous trouver à plus de 10 000 pieds avant d'essayer d'accéder à Gogo Inflight, de désactiver la correction automatique et de vérifier la casse lorsque vous saisissez la phrase CAPTCHA. Si cette dernière échoue, ouvrez un navigateur Web et appuyez sur l'option Itinérance en bas de la page. Choisissez iPass dans le menu déroulant des partenaires, puis saisissez vos informations d'identification iPass.</Answer>
	</HelpItem>
	<HelpItem>
		<Question>Où puis-je utiliser iPass ?</Question>
		<Answer>Le réseau iPass couvre la plupart des grands aéroports, le WiFi à bord, les restaurants, les parcs, les sites de divertissement en extérieur et les cafés. Utilisez l'option Accès WiFi (sur l'écran principal) pour trouver un point d'accès sans fil iPass à proximité. Anticipez en téléchargeant une liste des points d'accès sans fil. Vous pourrez ensuite y accéder hors ligne en appuyant sur le bouton en forme d'engrenage Paramètres, > Préférences de Voyage et sélectionnez vos régions préférées.</Answer>
	</HelpItem>
	<HelpItem>
		<Question> Comment signaler un problème ?</Question>
		<Answer>Appuyez sur le bouton Aide (le point d'interrogation en haut à gauche de l'écran principal), puis Signaler un problème. Saisissez une adresse e-mail dans le message qui s'affiche, puis appuyez sur Envoyer.</Answer>
	</HelpItem>
	<HelpItem>
		<Question>Que faire si j'ai besoin de plus d'aide ?</Question>
		<Answer>Si vous avez besoin d'aide, contactez iPass à l'adresse help@ipass.com en incluant une brève description du problème rencontré. Veuillez également préciser les informations suivantes : votre adresse e-mail professionnelle, l'endroit (p. ex. ville, hôtel, etc.) et le point d'accès sans fil.</Answer>
	</HelpItem>
	
	<HelpItem>
		<Question>Qu'est-ce que la connexion automatique ?</Question>
		<Answer> Ce paramètre est magique : il vous reconnecte automatiquement à un des nos réseaux iPass après votre première connexion à ce réseau.</Answer>
	</HelpItem>
		<HelpItem>
		<Question>Comment empêcher la connexion automatique à un réseau spécifique ?</Question>
		<Answer>Vous pouvez créer votre propre liste de réseaux auxquels vous souhaitez vous connecter manuellement. Appuyez sur le bouton en forme d'engrenage Paramètres, puis sur Paramètres de connexion manuelle pour ajouter un réseau à la liste. Nous ne vous connecterons pas automatiquement à ces réseaux.</Answer>
	</HelpItem>
</Help>