<?xml version="1.0" encoding="UTF-8"?>
<!--Sample XML file generated by XMLSpy v2011 rel. 3 sp1 (x64) (http://www.altova.com)-->
<Help xsi:noNamespaceSchemaLocation="Help.xsd" xmlns:xsi="http://www.w3.org/2001/XMLSchema-instance">
	<HelpItem>
		<Question>Como faço para começar a usar minha conta do iPass?</Question>
		<Answer>Volte para a tela de ativação ou toque na notificação de ativação em vermelho na parte superior da tela principal. Quando a tela de boas-vindas for exibida, toque no botão Iniciar. Digite o endereço de email da sua empresa e toque em Continuar. Na tela seguinte, digite seu nome de usuário e senha para concluir a ativação. Se você precisar de um nome de usuário ou senha, contate o suporte técnico da sua empresa ou a iPass pelo email help@ipass.com. </Answer>
	</HelpItem>
	<HelpItem>
		<Question>E se eu não souber meu nome de usuário ou senha?</Question>
		<Answer>Normalmente, seu nome de usuário e senha são as mesmas credenciais de login que você utiliza em sua empresa. Se esse não for o caso, contate o suporte técnico da sua empresa ou a iPass pelo email help@ipass.com.</Answer>
	</HelpItem>
	<HelpItem>
		<Question> Como faço para redefinir ou recuperar minha senha?</Question>
		<Answer> Se sua empresa tiver habilitado esse recurso, você poderá redefinir ou recuperar sua senha no iPass Portal (https://openmobile.ipass.com/moservices/) ou na página de suporte interna do iPass. Se o portal e a página não estiverem disponíveis, contate o suporte técnico da sua empresa ou a iPass pelo email help@ipass.com.</Answer>
	</HelpItem>
	<HelpItem>
		<Question>E se eu estiver com problemas de conexão ou para fazer login?</Question>
		<Answer> Veja algumas sugestões abaixo. Primeiro, tente atualizar suas informações de login do iPass tocando no botão Menu (no canto superior esquerdo da tela principal) &gt; Configurações &gt; Detalhes da conta. Segundo, você pode estar em um local onde o sinal é fraco e mudar para um local onde o sinal é mais forte pode resolver o problema. Por fim, se uma rede Wi-Fi tiver o mesmo nome que uma de nossas redes, ela poderá aparecer como iPass mesmo que não seja membro do clube.</Answer>
	</HelpItem>
	<HelpItem>
		<Question>Por que há um ponto de interrogação ao lado do nome de algumas redes?</Question>
		<Answer>Há redes que compartilham um nome com uma localização para a qual o iPass oferece suporte, mas que não estão habilitadas para o iPass. Não é possível saber isso até tentarmos nos conecta à rede. Toque no nome da rede para verificar se ela está habilitada para o iPass. NOTA: Ajude o aplicativo a determinar se uma rede tem suporte do iPass baixando hotspots offline. Toque no botão Menu (no canto superior esquerdo da tela principal) &gt; Configurações &gt; Preferências de viagem e selecione as regiões de sua preferência.</Answer>
	</HelpItem>
	<HelpItem>
		<Question>E se eu estiver com problemas para fazer login no Gogo Inflight?</Question>
		<Answer>Certifique-se de que você está a uma altitude superior a 10.000 pés antes de tentar acessar o Gogo Inflight, desligue o recurso de correção automática e digite corretamente as letras maiúsculas e minúsculas no CAPTCHA. Se o CAPTCHA falhar, abra um navegador da Web, toque na opção Roaming, na parte inferior da página, selecione iPass no menu suspenso de parceiros e digite suas credenciais do iPass. </Answer>
	</HelpItem>
	<HelpItem>
		<Question>Onde eu posso usar o iPass?</Question>
		<Answer>O iPass pode ser usado na maioria dos principais aeroportos, voos, restaurantes, parques, ambientes externos e cafés. Use o localizador de hotspot (na tela principal) para encontrar um hotspot habilitado para o iPass perto de você. Você também pode se antecipar e baixar uma lista de hotspots que poderá acessar posteriormente sem ter acesso à Internet. Para isso, toque no botão Menu (no canto superior esquerdo da tela principal) &gt; Configurações &gt; Preferências de viagem e selecione as regiões de sua preferência.</Answer>
	</HelpItem>
	<HelpItem>
		<Question>Como faço para relatar um problema?</Question>
		<Answer>Toque no botão Menu (no canto superior esquerdo da tela principal) &gt; Ajuda &gt; Relatar um problema. Forneça um endereço de email na janela de mensagem de email exibida e toque em Enviar.</Answer>
	</HelpItem>
	<HelpItem>
		<Question>E se eu precisar de mais ajuda?</Question>
		<Answer>Se você precisar de assistência, contate a iPass pelo email help@ipass.com fornecendo uma breve descrição do problema. Inclua o email da sua empresa, o local (por exemplo, cidade, hotel, etc.) e o hotspot Wi-Fi.</Answer>
	</HelpItem>
	<HelpItem>
		<Question>O que é uma conexão automática?</Question>
		<Answer> Esta configuração demonstra nosso talento e faz seu login automaticamente em uma rede iPass, depois que seu dispositivo detectar a rede e se conectar a ela.</Answer>
	</HelpItem>
		<HelpItem>
		<Question>Como faço para impedir que a conexão automática me conecte a uma determinada rede?</Question>
		<Answer>Você pode criar sua própria lista de redes às quais prefere se conectar manualmente. Toque no botão Menu (no canto superior esquerdo da tela principal) &gt; Configurações &gt; Preferências de conexão &gt; Lista de redes excluídas para adicionar uma rede à lista. Não conectaremos você automaticamente a nenhuma dessas redes.</Answer>
	</HelpItem>
</Help>