<?xml version="1.0" encoding="UTF-8"?>
<!--Sample XML file generated by XMLSpy v2011 rel. 3 sp1 (x64) (http://www.altova.com)-->
<Help xsi:noNamespaceSchemaLocation="Help.xsd" xmlns:xsi="http://www.w3.org/2001/XMLSchema-instance">
	<HelpItem>
		<Question>How do I get started with my iPass account?</Question>
		<Answer>Tap the Back button to get to the activation screen or tap the Activate button (on the main screen). Once you’re on the welcome screen, tap the Get Started button. Enter your company email address and tap Continue. Then, enter your username and password on the next screen to finish your activation. If you need your username or password, contact your company help desk or iPass at help@ipass.com. </Answer>
	</HelpItem>
	<HelpItem>
		<Question>What if I forgot my username or password?</Question>
		<Answer>Frequently, your username and password are the same as your company login. Otherwise, contact your company help desk or iPass at help@ipass.com.</Answer>
	</HelpItem>
	<HelpItem>
		<Question> How do I reset or retrieve my password?</Question>
		<Answer> If your company enabled this feature, you can reset or retrieve your password on the Open Mobile Portal (https://openmobile.ipass.com/moservices/) or on your internal iPass support page. If these are unavailable, contact your company help desk or iPass at help@ipass.com.</Answer>
	</HelpItem>
	<HelpItem>
		<Question>What if I’m having trouble logging in or connecting?</Question>
		<Answer> Here are a couple of suggestions. First, try updating your iPass login information by tapping the Settings gear > Account Settings. Second, you may be in a bad location and moving to where your signal is stronger could fix everything. Finally, if a Wi-Fi network shares a name with one of our networks, it may show up as iPass, even though it’s not a member of the club.</Answer>
	</HelpItem>
	<HelpItem>
		<Question>What if I’m having trouble logging into Gogo Inflight?</Question>
		<Answer>Ensure you are above 10,000 feet before trying to access Gogo Inflight, and turn off auto-correct and check the case sensitivity when typing the CAPTCHA phrase. If the CAPTCHA fails, open a web browser, tap the Roaming option at the bottom of the page, choose iPass from the dropdown menu of partners, and then enter your iPass credentials.</Answer>
	</HelpItem>
	<HelpItem>
		<Question>Where can I use iPass?</Question>
		<Answer>iPass has you covered in most major airports, inflight, restaurants, parks, outdoor venues, and cafes. Use the hotspot finder (on the main screen) to find an iPass enabled hotspot near you. Additionally, plan ahead by downloading a list of hotspots you can later access without the Internet by tapping the Settings gear > Travel Preferences and selecting your preferred regions.</Answer>
	</HelpItem>
	<HelpItem>
		<Question> How do I report a problem?</Question>
		<Answer>Tap the Help icon (the question mark on the top-left of main screen) > Report a problem. Enter an email address into the email that pops up and tap Send.</Answer>
	</HelpItem>
	<HelpItem>
		<Question>What if I need more help?</Question>
		<Answer>If you need assistance, contact iPass at help@ipass.com with a brief description of the problem you're seeing. Please include your company email, location (e.g. city, hotel, etc.), and the Wi-Fi hotspot.</Answer>
	</HelpItem>
	
	<HelpItem>
		<Question>What is Auto-Login?</Question>
		<Answer> This setting lets us work our magic and automatically log you in to an iPass network after your device detects the network and connects to it.</Answer>
	</HelpItem>
		<HelpItem>
		<Question>How do I prevent Auto-Login from connecting me to a specific network?</Question>
		<Answer>You can create your own list of networks that you prefer to log into manually. Tap the Settings gear > Manual Login Settings to add a network to the list. We won’t automatically log in to any of these networks.</Answer>
	</HelpItem>
</Help>