<?xml version="1.0" encoding="utf-8" standalone="no"?>
<CMPolicy xmlns:xsi="http://www.w3.org/2001/XMLSchema-instance" delimiter=".V" id="1000" version="27" xsi:noNamespaceSchemaLocation="CMPolicy.V2.3.xsd">
  <TimeoutPolicy>
    <Timeout default="20" type="am-i-on">
      <RetryAttempts>
        <Retry timeout="30"/>
        <Retry timeout="20"/>
      </RetryAttempts>
      <Network ssid="@TRUEWIFI" timeout="60">
        <RetryAttempts>
          <Retry timeout="60"/>
          <Retry timeout="60"/>
        </RetryAttempts>
      </Network>
      <Network ssid="CMCC-WEB" timeout="60">
        <RetryAttempts>
          <Retry timeout="60"/>
          <Retry timeout="60"/>
        </RetryAttempts>
      </Network>
      <Network ssid="ChinaNet" timeout="60">
        <RetryAttempts>
          <Retry timeout="60"/>
          <Retry timeout="60"/>
        </RetryAttempts>
      </Network>
      <Network ssid=".@  TRUEWIFI" timeout="60">
        <RetryAttempts>
          <Retry timeout="60"/>
          <Retry timeout="60"/>
        </RetryAttempts>
      </Network>
      <Network ssid="wi2" timeout="60">
        <RetryAttempts>
          <Retry timeout="60"/>
          <Retry timeout="60"/>
        </RetryAttempts>
      </Network>
      <Network ssid="Wi2" timeout="60">
        <RetryAttempts>
          <Retry timeout="60"/>
          <Retry timeout="60"/>
        </RetryAttempts>
      </Network>
      <Network ssid="CSL" timeout="60">
        <RetryAttempts>
          <Retry timeout="60"/>
          <Retry timeout="60"/>
        </RetryAttempts>
      </Network>
      <Network ssid="CHT Wi-Fi(HiNet)" timeout="60">
        <RetryAttempts>
          <Retry timeout="60"/>
          <Retry timeout="60"/>
        </RetryAttempts>
      </Network>
      <Network ssid="hinet" timeout="60">
        <RetryAttempts>
          <Retry timeout="60"/>
          <Retry timeout="60"/>
        </RetryAttempts>
      </Network>
    </Timeout>
    <Timeout default="60" type="auth-post-cred">
      <Network ssid="@TRUEWIFI" timeout="60"/>
      <Network ssid="CMCC-WEB" timeout="60"/>
      <Network ssid="ChinaNet" timeout="60"/>
      <Network ssid=".@  TRUEWIFI" timeout="60"/>
      <Network ssid="Wi2" timeout="60"/>
      <Network ssid="wi2" timeout="60"/>
      <Network ssid="Wi2premium" timeout="60"/>
      <Network ssid="PCCW" timeout="60"/>
      <Network ssid="CSL" timeout="60"/>
      <Network ssid="CHT Wi-Fi(HiNet)" timeout="60"/>
      <Network ssid="hinet" timeout="60"/>
    </Timeout>
  </TimeoutPolicy>
  <RateMap>
    <Rate selector="T">
      <Prefix>IPASS/</Prefix>
      <Suffix>@ipass</Suffix>
    </Rate>
    <Rate selector="V">
      <Prefix>IPASV/</Prefix>
      <Suffix>@ipasv</Suffix>
    </Rate>
  </RateMap>
  <AutoRedirectPolicy>
    <AutoRedirect enabled="Yes" ssid="FON_FREE_INTERNET" type="am-i-on"/>
    <AutoRedirect enabled="Yes" ssid="SFR WiFi FON" type="am-i-on"/>
    <AutoRedirect enabled="Yes" ssid="PROXIMUS_FON" type="am-i-on"/>
    <AutoRedirect enabled="Yes" ssid="KPN Fon" type="am-i-on"/>
    <AutoRedirect enabled="Yes" ssid="Oi WiFi Fon" type="am-i-on"/>
    <AutoRedirect enabled="Yes" ssid="OTE WiFi Fon" type="am-i-on"/>
    <AutoRedirect enabled="Yes" ssid="FON_ZON_FREE_INTERNET" type="am-i-on"/>
    <AutoRedirect enabled="Yes" ssid="FON_NETIA_FREE_INTERNET" type="am-i-on"/>
    <AutoRedirect enabled="Yes" ssid="Fon WiFi" type="am-i-on"/>
    <AutoRedirect enabled="Yes" ssid="@MWEB Fon" type="am-i-on"/>
    <AutoRedirect enabled="Yes" ssid="NOS_wifi_Fon" type="am-i-on"/>
    <AutoRedirect enabled="Yes" ssid="NOS_WIFI_Fon" type="am-i-on"/>
    <AutoRedirect enabled="Yes" ssid="Vodafone-WiFi" type="am-i-on"/>
    <AutoRedirect enabled="Yes" ssid="Telekom_FON" type="am-i-on"/>
  </AutoRedirectPolicy>
  <SslErrorPolicy>
    <SslError error="untrusted" ignore="Yes" ssid="Bezeq Free"/>
    <SslError error="invalid" ignore="Yes" ssid="Bezeq Free"/>
  </SslErrorPolicy>
  <InflightPolicy>
    <Network ssid="gogoinflight">
      <Service>
            <!--  Flight service status API-->
        <API category="ServiceStatus" retryInterval="300">
          <UrlEntry url="http://airborne.gogoinflight.com/abp/ws/absServices/serviceStatus" useragent="iPassConnect"/>
        </API>
        <API category="FlightInformation">
          <UrlEntry url="http://airborne.gogoinflight.com/abp/ws/absServices/statusTray" useragent="iPassConnect"/>
        </API>
        <API category="ArchCheckURL">
              <UrlEntry archFailOverride="FLT.2" archFailWith="GC.1" url="http://airborne.gogoinflight.com/gbp/smartClient.do" useragent="iPassConnect"/>
            </API>
        <API category="CaptchaURL">
              <UrlEntry url="http://airborne.gogoinflight.com/gbp/v2/captcha/math/" useragent="iPassConnect"/>
            </API>
        <API category="ValidateCaptchaURL">
              <UrlEntry url="https://airborne.gogoinflight.com/gbp/v2/roaming/captcha/validate/" useragent="iPassConnect"/>
        </API>
      </Service>
    </Network>
     <Network ssid="DeltaWiFi">
      <Service>
        <API category="ServiceStatus" retryInterval="300">
          <UrlEntry url="http://airborne.gogoinflight.com/abp/ws/absServices/serviceStatus" useragent="iPassConnect"/>
        </API>
        <API category="FlightInformation">
          <UrlEntry url="http://airborne.gogoinflight.com/abp/ws/absServices/statusTray" useragent="iPassConnect"/>
        </API>
        <API category="ArchCheckURL">
              <UrlEntry archFailOverride="FLT.2" archFailWith="GC.1" url="http://airborne.gogoinflight.com/gbp/smartClient.do" useragent="iPassConnect"/>
            </API>
        <API category="CaptchaURL">
              <UrlEntry url="http://airborne.gogoinflight.com/gbp/v2/captcha/math/" useragent="iPassConnect"/>
            </API>
        <API category="ValidateCaptchaURL">
              <UrlEntry url="https://airborne.gogoinflight.com/gbp/v2/roaming/captcha/validate/" useragent="iPassConnect"/>
        </API>
      </Service>
    </Network>
     <Network ssid="Alaska_WiFi">
      <Service>
        <API category="ServiceStatus" retryInterval="300">
          <UrlEntry url="http://airborne.gogoinflight.com/abp/ws/absServices/serviceStatus" useragent="iPassConnect"/>
        </API>
        <API category="FlightInformation">
          <UrlEntry url="http://airborne.gogoinflight.com/abp/ws/absServices/statusTray" useragent="iPassConnect"/>
        </API>
        <API category="ArchCheckURL">
              <UrlEntry archFailOverride="FLT.2" archFailWith="GC.1" url="http://airborne.gogoinflight.com/gbp/smartClient.do" useragent="iPassConnect"/>
            </API>
        <API category="CaptchaURL">
              <UrlEntry url="http://airborne.gogoinflight.com/gbp/v2/captcha/math/" useragent="iPassConnect"/>
            </API>
        <API category="ValidateCaptchaURL">
              <UrlEntry url="https://airborne.gogoinflight.com/gbp/v2/roaming/captcha/validate/" useragent="iPassConnect"/>
        </API>
      </Service>
    </Network>
    <Network ssid="virginamerica">
      <Service>
        <API category="ServiceStatus" retryInterval="300">
          <UrlEntry url="http://airborne.gogoinflight.com/abp/ws/absServices/serviceStatus" useragent="iPassConnect"/>
        </API>
        <API category="FlightInformation">
          <UrlEntry url="http://airborne.gogoinflight.com/abp/ws/absServices/statusTray" useragent="iPassConnect"/>
        </API>
       <API category="ArchCheckURL">
              <UrlEntry archFailOverride="FLT.2" archFailWith="GC.1" url="http://airborne.gogoinflight.com/gbp/smartClient.do" useragent="iPassConnect"/>
            </API>
        <API category="CaptchaURL">
              <UrlEntry url="http://airborne.gogoinflight.com/gbp/v2/captcha/math/" useragent="iPassConnect"/>
            </API>
        <API category="ValidateCaptchaURL">
              <UrlEntry url="https://airborne.gogoinflight.com/gbp/v2/roaming/captcha/validate/" useragent="iPassConnect"/>
        </API>
      </Service>
    </Network>
    <Network ssid="ACWiFi">
      <Service>
        <API category="ServiceStatus" retryInterval="300">
          <UrlEntry url="http://airborne.gogoinflight.com/abp/ws/absServices/serviceStatus" useragent="iPassConnect"/>
        </API>
        <API category="FlightInformation">
          <UrlEntry url="http://airborne.gogoinflight.com/abp/ws/absServices/statusTray" useragent="iPassConnect"/>
        </API>
       <API category="ArchCheckURL">
              <UrlEntry archFailOverride="FLT.2" archFailWith="GC.1" url="http://airborne.gogoinflight.com/gbp/smartClient.do" useragent="iPassConnect"/>
            </API>
        <API category="CaptchaURL">
              <UrlEntry url="http://airborne.gogoinflight.com/gbp/v2/captcha/math/" useragent="iPassConnect"/>
            </API>
        <API category="ValidateCaptchaURL">
              <UrlEntry url="https://airborne.gogoinflight.com/gbp/v2/roaming/captcha/validate/" useragent="iPassConnect"/>
        </API>
      </Service>
    </Network>
    <Network ssid="RougeWiFi">
      <Service>
        <API category="ServiceStatus" retryInterval="300">
          <UrlEntry url="http://airborne.gogoinflight.com/abp/ws/absServices/serviceStatus" useragent="iPassConnect"/>
        </API>
        <API category="FlightInformation">
          <UrlEntry url="http://airborne.gogoinflight.com/abp/ws/absServices/statusTray" useragent="iPassConnect"/>
        </API>
       <API category="ArchCheckURL">
              <UrlEntry archFailOverride="FLT.2" archFailWith="GC.1" url="http://airborne.gogoinflight.com/gbp/smartClient.do" useragent="iPassConnect"/>
            </API>
        <API category="CaptchaURL">
              <UrlEntry url="http://airborne.gogoinflight.com/gbp/v2/captcha/math/" useragent="iPassConnect"/>
            </API>
        <API category="ValidateCaptchaURL">
              <UrlEntry url="https://airborne.gogoinflight.com/gbp/v2/roaming/captcha/validate/" useragent="iPassConnect"/>
        </API>
      </Service>
    </Network>
    <Network ssid="AA-inflight">
      <Service>
        <API category="ServiceStatus" retryInterval="300">
          <UrlEntry url="http://airborne.gogoinflight.com/abp/ws/absServices/serviceStatus" useragent="iPassConnect"/>
        </API>
        <API category="FlightInformation">
          <UrlEntry url="http://airborne.gogoinflight.com/abp/ws/absServices/statusTray" useragent="iPassConnect"/>
        </API>
       <API category="ArchCheckURL">
              <UrlEntry archFailOverride="FLT.2" archFailWith="GC.1" url="http://airborne.gogoinflight.com/gbp/smartClient.do" useragent="iPassConnect"/>
            </API>
        <API category="CaptchaURL">
              <UrlEntry url="http://airborne.gogoinflight.com/gbp/v2/captcha/math/" useragent="iPassConnect"/>
            </API>
        <API category="ValidateCaptchaURL">
              <UrlEntry url="https://airborne.gogoinflight.com/gbp/v2/roaming/captcha/validate/" useragent="iPassConnect"/>
        </API>
      </Service>
    </Network>
    <Network ssid="United_Wi-Fi">
    <!--  All United Wi-Fi Flight service API's -->
      <Service>
        <API category="PortalStatus" retryInterval="15">
          <UrlEntry url="https://www.unitedwifi.com/portal/ipass/v1/healthcheck" useragent="iPassConnect"/>
        </API>
        <API category="ServiceStatus" retryInterval="15">
          <UrlEntry url="https://www.unitedwifi.com/portal/ipass/v1/connState" useragent="iPassConnect"/>
        </API>
        <API category="ActivateDevice" retryInterval="15">
          <UrlEntry url="https://www.unitedwifi.com/portal/ipass/v1/activatedevice" useragent="iPassConnect"/>
        </API>
        <API category="ActivationState" retryInterval="15">
          <UrlEntry url="https://www.unitedwifi.com/portal/ipass/v1/activationstate" useragent="iPassConnect"/>
        </API>
        <API category="FlightInformation">
          <UrlEntry url="https://www.unitedwifi.com/portal/ipass/v1/flightinfo" useragent="iPassConnect"/>
        </API>
        <API category="AirlinePortal">
          <UrlEntry url="https://www.unitedwifi.com" useragent="iPassConnect"/>
        </API>
      </Service>
    </Network>
  </InflightPolicy>
  <InflightPolicyV2>
      <Networks> <!-- List of Inflight SSID -->
          <Network ssid="gogoinflight"> <!-- per Inflight SSID config-->
              <SupportedServices> <!-- supported auth services-->
                  <Service>FLT.2</Service>
                  <Service>GC.1</Service>
              </SupportedServices>
              <Failover>
                  <AuthMethod refid="PR002">PRP</AuthMethod> <!-- refid refers to referalID in PRP -->
              </Failover>
          </Network>
          <Network ssid="DeltaWiFi">
              <SupportedServices>
                  <Service>FLT.2</Service>
                  <Service>GC.1</Service>
              </SupportedServices>
              <Failover>
                  <AuthMethod refid="PR002">PRP</AuthMethod> <!-- refid refers to referalID in PRP -->
              </Failover>
          </Network>
          <Network ssid="Alaska_WiFi">
              <SupportedServices>
                  <Service>FLT.2</Service>
                  <Service>GC.1</Service>
              </SupportedServices>
              <Failover>
                  <AuthMethod refid="PR002">PRP</AuthMethod> <!-- refid refers to referalID in PRP -->
              </Failover>
          </Network>
          <Network ssid="virginamerica">
              <SupportedServices>
                  <Service>FLT.2</Service>
                  <Service>GC.1</Service>
              </SupportedServices>
              <Failover>
                  <AuthMethod refid="PR002">PRP</AuthMethod> <!-- refid refers to referalID in PRP -->
              </Failover>
          </Network>
          <Network ssid="ACWiFi">
              <SupportedServices>
                  <Service>FLT.2</Service>
                  <Service>GC.1</Service>
              </SupportedServices>
              <Failover>
                  <AuthMethod refid="PR002">PRP</AuthMethod> <!-- refid refers to referalID in PRP -->
              </Failover>
          </Network>
          <Network ssid="RougeWiFi">
              <SupportedServices>
                  <Service>FLT.2</Service>
                  <Service>GC.1</Service>
              </SupportedServices>
              <Failover>
                  <AuthMethod refid="PR002">PRP</AuthMethod> <!-- refid refers to referalID in PRP -->
              </Failover>
          </Network>
          <Network ssid="AA-inflight">
              <SupportedServices>
                  <Service>FLT.2</Service>
                  <Service>GC.1</Service>
              </SupportedServices>
              <Failover>
                  <AuthMethod refid="PR002">PRP</AuthMethod> <!-- refid refers to referalID in PRP -->
              </Failover>
          </Network>
          <Network ssid="United_Wi-Fi">
              <SupportedServices>
                  <Service>FLT.1</Service>
                  <Service>FLT.2</Service>
                  <Service>GC.1</Service>
              </SupportedServices>
              <Failover>
                  <AuthMethod refid="PR002">PRP</AuthMethod> <!-- refid refers to referalID in PRP -->
              </Failover>
          </Network>
      </Networks>
      <AuthServices>
          <Service authMethod="GC.1">
              <API category="ServiceStatus" retryInterval="300">
                  <UrlEntry url="http://airborne.gogoinflight.com/abp/ws/absServices/serviceStatus" useragent="iPassConnect"/>
              </API>
              <API category="FlightInformation">
                  <UrlEntry url="http://airborne.gogoinflight.com/abp/ws/absServices/statusTray" useragent="iPassConnect"/>
              </API>
          </Service>
          <Service authMethod="FLT.1">
              <API category="PortalStatus" retryInterval="15">
                  <UrlEntry url="https://www.unitedwifi.com/portal/ipass/v1/healthcheck" useragent="iPassConnect"/>
              </API>
              <API category="FalsePositiveStatus">
                  <UrlEntry url="http://airborne.gogoinflight.com/abp/ws/absServices/serviceStatus" useragent="iPassConnect"/>
              </API>
              <API category="ServiceStatus" retryInterval="15">
                  <UrlEntry url="https://www.unitedwifi.com/portal/ipass/v1/connState" useragent="iPassConnect"/>
              </API>
              <API category="ActivateDevice" retryInterval="15">
                  <UrlEntry url="https://www.unitedwifi.com/portal/ipass/v1/activatedevice" useragent="iPassConnect"/>
              </API>
              <API category="ActivationState" retryInterval="15">
                  <UrlEntry url="https://www.unitedwifi.com/portal/ipass/v1/activationstate" useragent="iPassConnect"/>
              </API>
              <API category="FlightInformation">
                  <UrlEntry url="https://www.unitedwifi.com/portal/ipass/v1/flightinfo" useragent="iPassConnect"/>
              </API>
              <API category="AirlinePortal">
                  <UrlEntry url="https://www.unitedwifi.com" useragent="iPassConnect"/>
              </API>
          </Service>
          <Service authMethod="FLT.2">
              <API category="ServiceStatus" retryInterval="300">
                  <UrlEntry url="http://airborne.gogoinflight.com/abp/ws/absServices/serviceStatus" useragent="iPassConnect"/>
              </API>
              <API category="FlightInformation">
                  <UrlEntry url="http://airborne.gogoinflight.com/abp/ws/absServices/statusTray" useragent="iPassConnect"/>
              </API>
              <API category="ArchCheckURL">
                  <UrlEntry url="http://airborne.gogoinflight.com/gbp/smartClient.do" useragent="iPassConnect"/>
              </API>
              <API category="CaptchaURL">
                  <UrlEntry url="http://airborne.gogoinflight.com/gbp/v2/captcha/math/" useragent="iPassConnect"/>
              </API>
              <API category="ValidateCaptchaURL">
                  <UrlEntry url="https://airborne.gogoinflight.com/gbp/v2/roaming/captcha/validate/" useragent="iPassConnect"/>
              </API>
          </Service>
          <Service authMethod="PRP">
              <Portal airlineCode="NA" referalID="PR001" visibleToUser="">
                  <UrlEntry url="" useragent=""/>
              </Portal>
              <Portal airlineCode="NA" referalID="PR002" visibleToUser="">
                  <UrlEntry url="" useragent=""/>
              </Portal>
          </Service>
      </AuthServices>
  </InflightPolicyV2>
  <LoginErrorPolicy>
   <!-- Common Error codes for all networks for which am-i-on should be attempted -->
    <Retry type="am-i-on">
      <Error>17050</Error>
      <Error>17100</Error>
      <Error>17102</Error>
      <Error>17103</Error>
      <Error>17255</Error>
  	  <Error>17501</Error>
  	  <Error>17504</Error>
      <Error>17505</Error>
  	  <Error>19003</Error>
      <Error>19103</Error>
  	  <Error>20002</Error>
      <Error>26010</Error>
    </Retry>	
	<!-- Error codes for Top Networks -->
    <Networks>
		<Network ssid="Telekom">
			<Retry type="am-i-on">
			  <Error>17100</Error>
			  <Error>17505</Error>
			</Retry>
      </Network>
	  <Network ssid="xfinitywifi">
        <Retry type="am-i-on">
          <Error>17100</Error>
          <Error>17505</Error>
        </Retry>
      </Network>
      <Network ssid="gogoinflight">
        <Retry type="am-i-on">
          <Error>17100</Error>
          <Error>17505</Error>
        </Retry>
      </Network>
	   <Network ssid="_The Cloud">
        <Retry type="am-i-on">
          <Error>17100</Error>
          <Error>17505</Error>
        </Retry>
      </Network>
      <Network ssid="Telekom_ICE">
        <Retry type="am-i-on">
          <Error>17100</Error>
          <Error>17505</Error>
        </Retry>
      </Network>	  
	   <Network ssid="KPN">
        <Retry type="am-i-on">
          <Error>17100</Error>
          <Error>17505</Error>
        </Retry>
      </Network>
      <Network ssid="Isrotel Beresheet">
        <Retry type="am-i-on">
          <Error>17100</Error>
          <Error>17505</Error>
        </Retry>
      </Network>
      <Network ssid="attwifi">
        <Retry type="am-i-on">
          <Error>17100</Error>
          <Error>17505</Error>
        </Retry>
      </Network>
        <Network ssid="TWCWIFI">
        <Retry type="am-i-on">
          <Error>17100</Error>
          <Error>17505</Error>
        </Retry>
      </Network>
      <Network ssid="TWCWiFi">
        <Retry type="am-i-on">
          <Error>17100</Error>
          <Error>17505</Error>
        </Retry>
      </Network>
	  <Network ssid="TELENETHOTSPOT">
        <Retry type="am-i-on">
          <Error>17100</Error>
          <Error>17505</Error>
        </Retry>
      </Network>
        <Network ssid="BTWiFi-with-FON">
        <Retry type="am-i-on">
          <Error>17100</Error>
          <Error>17505</Error>
        </Retry>
      </Network>
      <Network ssid="orange">
        <Retry type="am-i-on">
          <Error>17100</Error>
          <Error>17505</Error>
        </Retry>
      </Network>     
    </Networks>
  </LoginErrorPolicy>
  <ProbeConfig>
    <ExcludeModels>
        <Manufacturers>
            <Manufacturer name="Samsung">
                <Models>
                    <Model minOSVersion="16" name="Galaxy Nexus"/>
					<Model name="SM-G935F"/>
					<Model name="Nexus 10"/>
					<Model name="SM-G920I"/>
					<Model name="SCH-I545"/>
					<Model name="SM-G900F"/>
                </Models>
            </Manufacturer>
			<Manufacturer name="Alcatel">
				<Models>
					<Model name="Idol 4S"/>
				</Models>
			</Manufacturer>
			<Manufacturer name="Huawei">
				<Models>
					<Model name="Honor 8"/>
				</Models>
			</Manufacturer>
        </Manufacturers>
    </ExcludeModels>
  </ProbeConfig>
  <LogUploadPolicy>
		<Skip>
			<AllPlatforms>
				<Error>23010</Error>
				<Error>19001</Error>
				<Error>19002</Error>
			</AllPlatforms>
			<Windows>
				<Error>19106</Error>
			</Windows>
		</Skip>
	</LogUploadPolicy>
   <AuthOverridePolicy>
    <Network override="GC.1" ssid="gogoinflight" with="FLT.2"/>
    <Network override="GC.1" ssid="DeltaWiFi" with="FLT.2"/>
    <Network override="GC.1" ssid="Alaska_WiFi" with="FLT.2"/>
    <Network override="GC.1" ssid="virginamerica" with="FLT.2"/>
    <Network override="GC.1" ssid="ACWiFi" with="FLT.2"/>
    <Network override="GC.1" ssid="RougeWiFi" with="FLT.2"/>
    <Network override="GC.1" ssid="AA-inflight" with="FLT.2"/>
  </AuthOverridePolicy>
</CMPolicy>
