<?xml version="1.0" encoding="utf-8"?>
<Resources xmlns:xsi="http://www.w3.org/2001/XMLSchema-instance" xsi:noNamespaceSchemaLocation="iPassResources.xsd">
  <Resource ID="EULA.VpnTermsOfUseText" Type="File">
    <Value>VPN-Privacy-Statement-fr-FR.html</Value>
  </Resource>
   <Resource ID="EULA.TermsOfUseText" Type="File">
    <Value>LicenseAgreement-fr-FR.html</Value>
  </Resource>
  <Resource ID="EULA.TermsOfUseTitle" Type="Text">
    <Value>Conditions d’utilisation</Value>
  </Resource>
  <Resource ID="EULA.AcceptButtonTitle" Type="Text">
    <Value>Accepter</Value>
  </Resource>
  <Resource ID="EULA.PrivacyPolicyText" Type="File">
    <Value>PrivacyPolicy-fr-FR.html</Value>
  </Resource>
  <Resource ID="EULA.PrivacyPolicyTitle" Type="Text">
    <Value>Politique de confidentialité</Value>
  </Resource>
   <Resource ID="EULA.LegalInfoTitle" Type="Text">
    <Value>Mentions légales</Value>
  </Resource>
    <Resource ID="very_low_signal_Strength" Type="Text">
        <Value>Votre puissance du signal est faible actuellement et il se peut que vous ayez des difficultés pour vous connecter. Voulez-vous essayer quand même ?</Value>
    </Resource>
    <Resource ID="str_Continue" Type="Text">
        <Value>Continuer</Value>
    </Resource>
    <Resource ID="str_cancel" Type="Text">
        <Value>Annuler</Value>
    </Resource>
    
    <Resource ID="level1_ConnFailed" Type="Text">
        <Value>Il paraît que votre connexion a échoué à cause d’un signal trop faible. Veuillez trouver en emplacement où le signal est plus fort ou sélectionnez un autre réseau.</Value>
    </Resource>
    <Resource ID="level2_ConnFailed" Type="Text">
        <Value>Votre connexion a échoué probablement à cause d’un signal trop faible. Veuillez trouver en emplacement où le signal est plus fort ou sélectionnez un autre réseau.</Value>
    </Resource>
    <Resource ID="level3_ConnFailed" Type="Text">
        <Value>Le signal n’était peut-être pas assez fort pour établir la connexion. Veuillez trouver en emplacement où le signal est plus fort ou sélectionnez un autre réseau.</Value>
    </Resource>
    
    <Resource ID="non_ipass_network" Type="Text">
        <Value>Désolé! Même si cet accès WiFi semble faire partie de notre réseau, il n'en est pas membre et ne vous connectera pas. Veuillez essayer un autre accès WiFi.</Value>
    </Resource>
    
    <Resource ID="service_outage_abort_login" Type="Text">
        <Value>Désolé ! Ce point d’accès sans fil est actuellement affecté par une interruption de service confirmée. Veuillez essayer un autre point d’accès sans fil.</Value>
    </Resource>
    
    <Resource ID="service_outage_info" Type="Text">
        <Value>Ce point d’accès est peut-être confronté à une interruption de service.  Si vous avez des difficultés à vous y connecter, essayez un autre point d’accès.</Value>
    </Resource>
    <Resource ID="PreAuth_FP" Type="Text">
    <Value>Désolés, cet emplacement n'est pas membre du service. Nous ne pouvons donc pas vous connecter automatiquement. Toutefois, vous devriez pouvoir surfer en utilisant un navigateur pour finir d'établir la connexion.</Value>
    </Resource>
    <Resource ID="GogoInFlight10000FeetErr" Type="Text">
        <Value>Le service WiFi en vol n’est pas disponible tant que l’avion n’ait pas atteint 10 000 pieds.  Veuillez réessayer.</Value>
    </Resource>
    <Resource ID="str_ok" Type="Text">
        <Value>Ok</Value>
    </Resource>
</Resources>