<?xml version="1.0" encoding="utf-8"?>
<Resources xmlns:xsi="http://www.w3.org/2001/XMLSchema-instance" xsi:noNamespaceSchemaLocation="iPassResources.xsd">
  <Resource ID="EULA.VpnTermsOfUseText" Type="File">
    <Value>VPN-Privacy-Statement-ru-RU.html</Value>
  </Resource>
   <Resource ID="EULA.TermsOfUseText" Type="File">
    <Value>LicenseAgreement-ru-RU.html</Value>
  </Resource>
  <Resource ID="EULA.TermsOfUseTitle" Type="Text">
    <Value>Условия пользования</Value>
  </Resource>
  <Resource ID="EULA.AcceptButtonTitle" Type="Text">
    <Value>Принять</Value>
  </Resource>
  <Resource ID="EULA.PrivacyPolicyText" Type="File">
    <Value>PrivacyPolicy-ru-RU.html</Value>
  </Resource>
  <Resource ID="EULA.PrivacyPolicyTitle" Type="Text">
    <Value>Конфиденциальность</Value>
  </Resource>
   <Resource ID="EULA.LegalInfoTitle" Type="Text">
    <Value>Правовая информация</Value>
  </Resource>
    <Resource ID="very_low_signal_Strength" Type="Text">
        <Value>Уровень сигнала недостаточно хороший. Все равно продолжить?</Value>
    </Resource>
    <Resource ID="str_Continue" Type="Text">
        <Value>Продолжить</Value>
    </Resource>
    <Resource ID="str_cancel" Type="Text">
        <Value>Отменить</Value>
    </Resource>

    <Resource ID="level1_ConnFailed" Type="Text">
        <Value>Похоже, что не удалось подключиться из-за низкого уровня сигнала. Пожалуйста, перейдите в место, где уровень сигнала выше, либо попробуйте другую точку доступа.</Value>
    </Resource>
    <Resource ID="level2_ConnFailed" Type="Text">
        <Value>Похоже, что не удалось подключиться из-за низкого уровня сигнала. Пожалуйста, перейдите в место, где уровень сигнала выше, либо попробуйте другую точку доступа.</Value>
    </Resource>
    <Resource ID="level3_ConnFailed" Type="Text">
        <Value>Возможно, уровень сигнала был недостаточно сильным, чтобы можно было установить подключение. Попробуйте перейти в место с более сильным сигналом или выберите другую сеть.</Value>
    </Resource>
    
    <Resource ID="non_ipass_network" Type="Text">
        <Value>Извините! Несмотря на то, что название совпадает, эта точка доступа не является частью нашей сети, и вы не сможете к ней подключиться. Пожалуйста, выберите другую точку доступа.</Value>
    </Resource>
    
    <Resource ID="service_outage_abort_login" Type="Text">
        <Value>К сожалению, по подтвержденным данным, данная точка в настоящее время недоступна. Выберите другую точку доступа.</Value>
    </Resource>
    
    <Resource ID="service_outage_info" Type="Text">
        <Value>Данная точка доступа в настоящее время может быть недоступна.  Если у вас возникли проблемы с подключением, попробуйте другую точку доступа.</Value>
    </Resource>
    <Resource ID="PreAuth_FP" Type="Text">
        <Value>Приносим извинения, это местоположение не обслуживается, поэтому автоматический вход здесь невозможен. Однако можно подключиться к Интернету с помощью браузера, чтобы завершить вход.</Value>
    </Resource>
    <Resource ID="GogoInFlight10000FeetErr" Type="Text">
        <Value>Услуга Wi-Fi «В полете» недоступна, пока самолет не поднимется на высоту 10 000 футов.  Повторите попытку позже.</Value>
    </Resource>
    <Resource ID="str_ok" Type="Text">
        <Value>Ok</Value>
    </Resource>
    
</Resources>