<?xml version="1.0" encoding="UTF-8"?>
<HotspotProtection xmlns:xsi="http://www.w3.org/2001/XMLSchema-instance" xsi:noNamespaceSchemaLocation="Engine.V1.6.xsd" enabled="No">
	<AllowModify>No</AllowModify>
	<ConnectOnWake>No</ConnectOnWake>
	<DisconnectOnSleep>Yes</DisconnectOnSleep>
	<DefaultConnectLevel>OnDemandOnly</DefaultConnectLevel>
	<GatewayList>
		<Gateway default="Yes" countryCode="GLB" host="targaryen.cloakvpn.io">
            <DisplayText  ResourceID="Vpn.Gateway.GLBDislayLabel" ResourceFile="VPNResources" UseDefault="No">Automatic</DisplayText>
        </Gateway>
        <Gateway countryCode="US" host="baratheon.cloakvpn.io">
            <DisplayText  ResourceID="Vpn.Gateway.USDislayLabel" ResourceFile="VPNResources" UseDefault="No">Americas (USA)</DisplayText>
        </Gateway>
        <Gateway countryCode="UK" host="arryn.cloakvpn.io">
            <DisplayText  ResourceID="Vpn.Gateway.UKDislayLabel" ResourceFile="VPNResources" UseDefault="No">Europe (UK)</DisplayText>
        </Gateway>
        <Gateway countryCode="SG" host="tyrell.cloakvpn.io">
            <DisplayText  ResourceID="Vpn.Gateway.SGDislayLabel" ResourceFile="VPNResources" UseDefault="No">Singapore</DisplayText>
        </Gateway>
	</GatewayList>
</HotspotProtection>