<?xml version="1.0" encoding="utf-8"?>
<Resources xmlns:xsi="http://www.w3.org/2001/XMLSchema-instance" xsi:noNamespaceSchemaLocation="iPassResources.xsd">
   <Resource ID="EULA.VpnTermsOfUseText" Type="File">
    <Value>VPN-Privacy-Statement-en-US.html</Value>
  </Resource>
  <Resource ID="EULA.TermsOfUseText" Type="File">
    <Value>LicenseAgreement-en-US.html</Value>
  </Resource>
  <Resource ID="EULA.TermsOfUseTitle" Type="Text">
    <Value>Terms Of Use</Value>
  </Resource>
  <Resource ID="EULA.AcceptButtonTitle" Type="Text">
    <Value>Accept</Value>
  </Resource>
  <Resource ID="EULA.PrivacyPolicyText" Type="File">
    <Value>PrivacyPolicy-en-US.html</Value>
  </Resource>
  <Resource ID="EULA.PrivacyPolicyTitle" Type="Text">
    <Value>Privacy Policy</Value>
  </Resource>
   <Resource ID="EULA.LegalInfoTitle" Type="Text">
    <Value>Legal Information</Value>
  </Resource>
    <Resource ID="very_low_signal_Strength" Type="Text">
        <Value>Your signal strength is poor right now, and you may have trouble connecting. Do you want to try anyway?</Value>
    </Resource>
    <Resource ID="str_Continue" Type="Text">
        <Value>Continue</Value>
    </Resource>
    <Resource ID="str_cancel" Type="Text">
        <Value>Cancel</Value>
    </Resource>

    <Resource ID="level1_ConnFailed" Type="Text">
        <Value>Looks like a weak signal messed up your connection. Try moving to a location with a stronger signal or choose a different network.</Value>
    </Resource>
    <Resource ID="level2_ConnFailed" Type="Text">
        <Value>A weak signal probably caused your connection to fail. Try moving to a location with a stronger signal or choose a different network.</Value>
    </Resource>
    <Resource ID="level3_ConnFailed" Type="Text">
        <Value>It's possible that the signal was not strong enough to connect. Try moving to a location with a stronger signal or choose a different network.</Value>
    </Resource>
    
    <Resource ID="non_ipass_network" Type="Text">
        <Value>Sorry! Even though this hotspot looks like part of our network, it may not be a member and won't log you in. Please try another hotspot.</Value>
    </Resource>
    <Resource ID="PreAuth_FP" Type="Text">
        <Value>Sorry, this location is not a member of the service, so we can't automatically log you in here.  However - You should be able to get online by using a browser to complete the login.</Value>
    </Resource>
    <Resource ID="auth_failed_and_fp" Type="Text">
        <Value>This venue is rejecting your username and password; if you are certain your username and password are valid, then unfortunately, this venue may not be participating in the iPass service.</Value>
    </Resource>

    <Resource ID="service_outage_abort_login" Type="Text">
        <Value>Sorry! We are currently experiencing a confirmed service outage at this hotspot. Please try another hotspot.</Value>
    </Resource>
    
    <Resource ID="service_outage_info" Type="Text">
        <Value>This hotspot may be experiencing a service outage. If you are having troubling connecting to it, please try another hotspot.</Value>
    </Resource>
    <Resource ID="GogoInFlight10000FeetErr" Type="Text">
        <Value>In-Flight Wi-Fi Service is not available until the plane reaches an altitude of 10,000 feet.  Please try again later.</Value>
    </Resource>
    <Resource ID="str_ok" Type="Text">
        <Value>Ok</Value>
    </Resource>
    
</Resources>