<?xml version="1.0" encoding="utf-8"?>
<Resources xmlns:xsi="http://www.w3.org/2001/XMLSchema-instance" xsi:noNamespaceSchemaLocation="iPassResources.xsd">
  <Resource ID="EULA.VpnTermsOfUseText" Type="File">
    <Value>VPN-Privacy-Statement-zh-Hant.html</Value>
  </Resource>
   <Resource ID="EULA.TermsOfUseText" Type="File">
    <Value>LicenseAgreement-zh-Hant.html</Value>
  </Resource>
  <Resource ID="EULA.TermsOfUseTitle" Type="Text">
    <Value>使用條款</Value>
  </Resource>
  <Resource ID="EULA.AcceptButtonTitle" Type="Text">
    <Value>接受</Value>
  </Resource>
  <Resource ID="EULA.PrivacyPolicyText" Type="File">
    <Value>PrivacyPolicy-zh-Hant.html</Value>
  </Resource>
  <Resource ID="EULA.PrivacyPolicyTitle" Type="Text">
    <Value>隱私權原則</Value>
  </Resource>
   <Resource ID="EULA.LegalInfoTitle" Type="Text">
    <Value>法律資訊</Value>
  </Resource>
    <Resource ID="very_low_signal_Strength" Type="Text">
        <Value>訊號強度目前很差，您可能無法連線。 是否仍要嘗試？</Value>
    </Resource>
    <Resource ID="str_Continue" Type="Text">
        <Value>繼續</Value>
    </Resource>
    <Resource ID="str_cancel" Type="Text">
        <Value>取消</Value>
    </Resource>
    
    <Resource ID="level1_ConnFailed" Type="Text">
        <Value>看來微弱的訊號影響了您的連線。請移步到訊號較佳的位置，或選擇不同網路。</Value>
    </Resource>
    <Resource ID="level2_ConnFailed" Type="Text">
        <Value>訊號微弱可能導致了連線失敗。請移步到訊號較佳的位置，或選擇不同網路。</Value>
    </Resource>
    <Resource ID="level3_ConnFailed" Type="Text">
        <Value>訊號強度可能不夠滿足連線要求。請移步到訊號較佳的位置，或選擇不同網路。</Value>
    </Resource>
    
    <Resource ID="non_ipass_network" Type="Text">
        <Value>抱歉！盡管此熱點看上去屬於我們的網路，但可能並非如此而不讓您登入。請嘗試其他熱點。</Value>
    </Resource>
    
    <Resource ID="service_outage_abort_login" Type="Text">
        <Value>抱歉！這個熱點目前遇到已證實的服務中斷。請嘗試其他熱點。</Value>
    </Resource>
    
    <Resource ID="service_outage_info" Type="Text">
        <Value>這個熱點可能正遇到服務中斷。如果您連接到這個熱點時有困難，請嘗試另一個熱點。</Value>
    </Resource>
    <Resource ID="GogoInFlight10000FeetErr" Type="Text">
        <Value>You have to be above 10,000 feet to connect to this network.</Value>
    </Resource>
    <Resource ID="PreAuth_FP" Type="Text">
        <Value>抱歉，此位置不屬於服務成員之一，所以我們無法讓您在此自動登入。不過，您還是可以利用瀏覽器上線，以完成登入。</Value>
    </Resource>
    <Resource ID="str_ok" Type="Text">
        <Value>確定</Value>
    </Resource>
</Resources>