<?xml version="1.0" encoding="UTF-8"?>
<!--Sample XML file generated by XMLSpy v2011 rel. 3 sp1 (x64) (http://www.altova.com)-->
<Help xsi:noNamespaceSchemaLocation="Help.xsd" xmlns:xsi="http://www.w3.org/2001/XMLSchema-instance">
	<HelpItem>
		<Question>Wie kann ich mit meinem iPass-Konto loslegen?</Question>
		<Answer>Tippen Sie auf die Schaltfläche „Zurück“, um den Aktivierungsbildschirm zu öffnen, oder tippen Sie auf dem Hauptbildschirm auf die Schaltfläche „Aktivieren“. Tippen Sie im Willkommensbildschirm auf die Schaltfläche „Erste Schritte“. Geben Sie die E-Mail-Adresse Ihres Unternehmens ein, und tippen Sie auf „Weiter“. Geben Sie auf dem nächsten Bildschirm Ihren Benutzernamen und das Kennwort ein, um die Aktivierung abzuschließen. Falls Sie Ihren Benutzernamen und das Kennwort benötigen, kontaktieren Sie den Helpdesk Ihres Unternehmens oder iPass unter help@ipass.com. </Answer>
	</HelpItem>
	<HelpItem>
		<Question>Was ist, wenn ich meinen Benutzernamen oder das Kennwort vergessen habe?</Question>
		<Answer>In der Regel entsprechen Ihr Benutzername und das Kennwort den Anmeldeinformationen Ihres Unternehmens. Ist dies nicht der Fall, kontaktieren Sie den Helpdesk Ihres Unternehmens oder iPass unter help@ipass.com.</Answer>
	</HelpItem>
	<HelpItem>
		<Question> Wie setze ich mein Kennwort zurück oder rufe es ab?</Question>
		<Answer> Falls Ihr Unternehmen diese Funktion aktiviert hat, können Sie ihr Kennwort im Open Mobile Portal (https://openmobile.ipass.com/moservices/) oder auf der internen Support-Seite von iPass abrufen oder zurücksetzen. Ist diese Funktion nicht verfügbar, kontaktieren Sie den Helpdesk Ihres Unternehmens oder iPass unter help@ipass.com.</Answer>
	</HelpItem>
	<HelpItem>
		<Question>Was ist, wenn ich Probleme bei der Anmeldung oder beim Verbindungsaufbau habe?</Question>
		<Answer> Hier sind ein paar Vorschläge. Versuchen Sie zunächst, Ihre iPass-Anmeldeinformationen durch Tippen auf das Einstellungszahnrad und „Kontoeinstellungen“ zu aktualisieren. Des Weiteren könnte Ihr Standort möglicherweise nicht ideal sein, und der Wechsel an einen Ort, an dem das Signal stärker ist, könnte das Problem lösen. Wenn letztlich ein Wi-Fi-Netzwerk den gleichen Namen wie eines unserer Netze besitzt, wird es mitunter über iPass ausgewiesen, obwohl es eigentlich nicht dazugehört.</Answer>
	</HelpItem>
	<HelpItem>
		<Question>Was ist, wenn ich mich bei Gogo Inflight nicht anmelden kann?</Question>
		<Answer>Sie müssen sich über 10.000 Fuß (3.048 m) befinden, um Zugriff auf Gogo Inflight zu erhalten. Schalten Sie außerdem die Autokorrektur aus, und prüfen Sie bei der CAPTCHA-Eingabe die Groß-/Kleinschreibung. Falls die CAPTCHA-Verifizierung fehlschlägt, öffnen Sie ein Browser-Fenster, tippen Sie unten auf der Seite auf die Option „Roaming“, wählen Sie „iPass“ aus dem Partner-Dropdown-Menü aus, und geben Sie Ihre iPass-Anmeldeinformationen ein.</Answer>
	</HelpItem>
	<HelpItem>
		<Question>Wo kann ich iPass nutzen?</Question>
		<Answer>iPass ist während des Fluges und in den meisten großen Flughäfen sowie in Restaurants, Parks, Außeneinrichtungen und Cafés verfügbar. Verwenden Sie den Hotspot-Finder (auf dem Hauptbildschirm), um einen iPass-Hotspot in Ihrer Nähe zu finden. Planen Sie voraus, indem Sie eine Hotspotliste herunterladen, die Sie ohne Internetzugriff nutzen können. Tippen Sie dazu auf das Einstellungszahnrad und anschließend auf „Reisepräferenzen", und bevorzugte Regionen auswählen. </Answer>
	</HelpItem>
	<HelpItem>
		<Question> Wie melde ich ein Problem?</Question>
		<Answer>Tippen Sie auf das Symbol „Hilfe“ (das Fragezeichen in der linken oberen Ecke des Hauptbildschirms) und anschließend auf „Problem melden“. Geben Sie eine E-Mail-Adresse in das erscheinende E-Mail-Fenster ein, und tippen Sie auf „Senden“.</Answer>
	</HelpItem>
	<HelpItem>
		<Question>Was ist, wenn ich weitere Hilfe?</Question>
		<Answer>Wenn Sie Hilfe benötigen, schicken Sie uns eine kurze Beschreibung des aufgetretenen Problems an help@ipass.com. Bitte nennen Sie auch die geschäftliche E-Mail-Adresse, Ort (z. B. Stadt, Hotel usw.) und den Wi-Fi-Hotspot.</Answer>
	</HelpItem>
	
	<HelpItem>
		<Question>Was ist die automatische Anmeldung?</Question>
		<Answer> Mithilfe dieser Einstellung können wir zaubern und Sie automatisch an einem unserer iPass-Netze anmelden, nachdem sich ihr Gerät damit verbunden haben.</Answer>
	</HelpItem>
		<HelpItem>
		<Question>Wie verhindere ich eine automatische Anmeldung an einem bestimmten Netz?</Question>
		<Answer>Sie können Ihre eigene Liste mit Netzen erstellen, an denen Sie sich manuell anmelden möchten. Tippen Sie auf das Einstellungszahnrad und anschließend auf „Einstellungen für manuelle Anmeldung“, um der Liste ein Netzwerk hinzuzufügen. Daraufhin melden wir Sie an keinem dieser Netze automatisch an.</Answer>
	</HelpItem>
</Help>