<?xml version="1.0" encoding="UTF-8"?>
<!--Sample XML file generated by XMLSpy v2011 rel. 3 sp1 (x64) (http://www.altova.com)-->
<Help xsi:noNamespaceSchemaLocation="Help.xsd" xmlns:xsi="http://www.w3.org/2001/XMLSchema-instance">
	<HelpItem>
		<Question>ฉันจะเริ่มต้นใช้บัญชี iPass ได้อย่างไร?</Question>
		<Answer>แตะที่ปุ่มกลับเพื่อกลับไปยังหน้าจอการเปิดใช้งานหรือแตะที่ปุ่ม เปิดใช้งาน บนหน้าจอหลัก เมื่อคุณอยู่ที่หน้าจอต้อนรับ ให้แตะที่ปุ่ม เริ่มต้น ใส่อีเมลแอดเดรสบริษัทของคุณแล้วแตะ ดำเนินการต่อ แล้วใส่ชื่อผู้ใช้และรหัสผ่านที่หน้าจอต่อไปเพื่อดำเนินการเปิดใช้งานให้แล้วเสร็จ หากคุณต้องการชื่อผู้ใช้หรือรหัสผ่าน โปรดติดต่อโต๊ะช่วยเหลือของบริษัทของคุณหรือ iPass ที่ help@ipass.com </Answer>
	</HelpItem>
	<HelpItem>
		<Question>หากฉันลืมชื่อผู้ใช้หรือรหัสผ่านล่ะ</Question>
		<Answer>โดยส่วนใหญ่ ชื่อผู้ใช้และรหัสผ่านจะเหมือนกับที่ใช้เข้าระบบของบริษัทของคุณ ไม่เช่นนั้น โปรดติดต่อโต๊ะช่วยเหลือของบริษัทของคุณหรือ iPass ที่ help@ipass.com</Answer>
	</HelpItem>
	<HelpItem>
		<Question> ฉันจะรีเซ็ตหรือรับรหัสผ่านของฉันได้อย่างไร?</Question>
		<Answer> หากบริษัทของคุณเปิดใช้งานคุณสมบัตินี้ คุณจะสามารถรีเซ็ตหรือรับรหัสผ่านของคุณได้ที่พอร์ทัลของ Open Mobile (https://openmobile.ipass.com/moservices/) หรือหน้าที่สนับสนุน iPass ภายในของคุณ หากไม่สามารถใช้บริการดังกล่าวได้ โปรดติดต่อโต๊ะช่วยเหลือของบริษัทของคุณหรือ iPass ที่ help@ipass.com</Answer>
	</HelpItem>
	<HelpItem>
		<Question>หากฉันมีปัญหาเกี่ยวกับการเข้าระบบหรือการเชื่อมต่อ จะทำอย่างไร?</Question>
		<Answer> โปรดดำเนินการดังต่อไปนี้ ขั้นแรก ให้ลองอัพเดตข้อมูลการเข้าสู่ระบบ iPass ของคุณโดยแตะที่ ชุดการตั้งค่า &gt; การตั้งค่าบัญชี วิธีที่สอง คุณอาจจะอยู่ในบริเวณที่มีสัญญาณไม่ดี ให้ลองย้ายไปยังบริเวณที่มีสัญญาณแรง วิธีสุดท้าย หากเครือข่าย Wi-Fi มีชื่อเหมือนกับเครือข่ายของเรา เครือข่ายดังกล่าวจะแสดงเป็น iPass แม้ว่าจะไม่ใช่สมาชิกของเราก็ตาม</Answer>
	</HelpItem>
	<HelpItem>
		<Question>หากฉันมีปัญหาเกี่ยวกับการเข้าสู่ระบบ Gogo Inflight จะทำอย่างไร?</Question>
		<Answer>ตรวจสอบให้แน่ใจว่าคุณอยู่ที่ระดับสูงกว่า 10,000 ฟุตก่อนจะลองเข้าถึง Gogo Inflight แล้วปิดการแก้ไขอัตโนมัติและตรวจสอบตัวอักษรเล็กใหญ่เมื่อพิมพ์ CAPTCHA หาก CAPTCHA ล้มเหลว ให้เปิดเว็บเบราเซอร์ แตะตัวเลือกโรมมิ่งที่ด้านล่างของหน้า เลือก iPass จากเมนูดร็อปดาวน์ของพันธมิตรแล้วใส่หลักฐาน iPass ของคุณ</Answer>
	</HelpItem>
	<HelpItem>
		<Question>ฉันสามารถใช้ iPass ได้ที่ไหน?</Question>
		<Answer>iPass พร้อมให้บริการในท่าอากาศยานหลักๆ ส่วนใหญ่ ในเที่ยวบิน ภัตตาคาร สวน สถานที่ภายนอกอาคาร และคาเฟ่ ใช้ตัวค้นหาฮ็อตสป็อต (ที่หน้าจอหลัก) เพื่อค้นหาฮ็อตสป็อต iPass ใกล้ๆ คุณ นอกจากนี้ คุณสามารถวางแผนล่วงหน้าโดยดาวน์โหลดรายการฮ็อตสป็อตที่คุณสามารถเข้าถึงได้ในภายหลังโดยไม่ต้องเข้าถึงอินเตอร์เน็ตโดยการแตะที่ชุดการตั้งค่า &gt; ดาวน์โหลดรายการฮ็อตสป็อต </Answer>
	</HelpItem>
	<HelpItem>
		<Question> ฉันจะรายงานปัญหาได้อย่างไร?</Question>
		<Answer>แตะที่ไอคอน ช่วยเหลือ (เครื่องหมายคำถามที่ด้านบนซ้ายของหน้าจอหลัก) &gt; การตั้งค่าการเดินทางและการเลือกพื้นที่ที่คุณต้องการ</Answer>
	</HelpItem>
	<HelpItem>
		<Question>หากฉันต้องการความช่วยเหลือเพิ่มเติม ต้องทำอย่างไร?</Question>
		<Answer>หากคุณต้องการความช่วยเหลือ โปรดติดต่อ iPass ที่ help@ipass.com โดยแจ้งรายละเอียดโดยย่อของปัญหาของคุณ โปรดแจ้งอีเมลบริษัทของคุณ ตำแหน่ง (เช่น เมือง โรงแรม ฯลฯ) และ Wi-Fi ฮ็อตสป็อต</Answer>
	</HelpItem>
	
	<HelpItem>
		<Question>การเข้าสู่ระบบอัตโนมัติคืออะไร?</Question>
		<Answer> การตั้งค่านี้ช่วยให้เราสามารถนำคุณเข้าสู่ระบบเครือข่าย iPass โดยอัตโนมัติหลังจากที่อุปกรณ์ของคุณตรวจพบเครือข่ายและเชื่อมต่อ</Answer>
	</HelpItem>
		<HelpItem>
		<Question>ฉันจะป้องกันไม่ให้ระบบการเข้าสู่ระบบอัตโนมัติเชื่อมต่อฉันเข้าสู่เครือข่ายได้อย่างไร?</Question>
		<Answer>คุณสามารถสร้างรายการเครือข่ายที่คุณต้องการเข้าสู่ระบบด้วยตนเองได้ แตะที่ชุดการตั้งค่า &gt; การตั้งค่าการเข้าสู่ระบบเองเพื่อเพิ่มเครือข่ายเข้าสู่รายการ เราจะไม่เข้าสู่ระบบเครือข่ายในรายชื่อดังกล่าวโดยอัตโนมัติ</Answer>
	</HelpItem>
</Help>