<?xml version="1.0" encoding="UTF-8"?>
<CustomEventActions xmlns:xsi="http://www.w3.org/2001/XMLSchema-instance" xsi:noNamespaceSchemaLocation="CustomEventActions.xsd">

  <Events>

    <Event name="OnAppFirstLaunch">
      <Actions>
        <Action name="iPass.TermsAndConditions" scope="PARTNER" description="display terms and conditions" synchronous="false">
          <NotifyAction id="terms_and_conditions"/>
        </Action>
      </Actions>

    </Event>

  </Events>
    
</CustomEventActions>