<?xml version="1.0" encoding="utf-8"?>
<Resources xmlns:xsi="http://www.w3.org/2001/XMLSchema-instance" xsi:noNamespaceSchemaLocation="iPassResources.xsd">
  <Resource ID="EULA.VpnTermsOfUseText" Type="File">
    <Value>VPN-Privacy-Statement-zh-Hans.html</Value>
  </Resource>
   <Resource ID="EULA.TermsOfUseText"  Type="File">
    <Value>LicenseAgreement-zh-Hans.html</Value>
  </Resource>
  <Resource ID="EULA.TermsOfUseTitle"  Type="Text">
    <Value>使用条款</Value>
  </Resource>
  <Resource ID="EULA.AcceptButtonTitle" Type="Text">
    <Value>接受</Value>
  </Resource>
  <Resource ID="EULA.PrivacyPolicyText" Type="File">
    <Value>PrivacyPolicy-zh-Hans.html</Value>
  </Resource>
  <Resource ID="EULA.PrivacyPolicyTitle" Type="Text">
    <Value>隐私政策</Value>
  </Resource>
   <Resource ID="EULA.LegalInfoTitle" Type="Text">
    <Value>法律信息</Value>
  </Resource>
    <Resource ID="very_low_signal_Strength" Type="Text">
        <Value>信号强度目前很差，您可能无法连接。 是否仍要尝试？</Value>
    </Resource>
    <Resource ID="str_Continue" Type="Text">
        <Value>继续</Value>
    </Resource>
    <Resource ID="str_cancel" Type="Text">
        <Value>取消</Value>
    </Resource>
    
    <Resource ID="level1_ConnFailed" Type="Text">
        <Value>看来微弱的信号影响了您的连接。 请移步到信号较好的位置，或选择其他网络。</Value>
    </Resource>
    <Resource ID="level2_ConnFailed" Type="Text">
        <Value>信号微弱可能导致连接失败。 请移步到信号较好的位置，或选择其他网络。</Value>
    </Resource>
    <Resource ID="level3_ConnFailed" Type="Text">
        <Value>信号强度可能无法满足连接要求。 请移步到信号较好的位置，或选择其他网络。</Value>
    </Resource>
    
    <Resource ID="non_ipass_network" Type="Text">
        <Value>抱歉！ 尽管此热点看似属于我们的网络，但可能并非如此，而且您将无法登录。 请尝试其他热点。</Value>
    </Resource>
    
    <Resource ID="service_outage_abort_login" Type="Text">
        <Value>抱歉！这个热点目前遇到已证实的服务中断。请尝试其他热点。</Value>
    </Resource>
    
    <Resource ID="service_outage_info" Type="Text">
        <Value>这个热点可能会中断服务。若连接过程中遇到问题，请尝试另一个热点。</Value>
    </Resource>
    <Resource ID="GogoInFlight10000FeetErr" Type="Text">
        <Value>You have to be above 10,000 feet to connect to this network.</Value>
    </Resource>
    <Resource ID="PreAuth_FP" Type="Text">
        <Value>抱歉，此位置非本服务成员，因此无法让您在此处自动登录。然而，通过使用浏览器来完成登录，应该能够上线。</Value>
    </Resource>
    <Resource ID="str_ok" Type="Text">
        <Value>确定</Value>
    </Resource>
    
    
</Resources>