<?xml version="1.0" encoding="utf-8"?>
<Resources xmlns:xsi="http://www.w3.org/2001/XMLSchema-instance" xsi:noNamespaceSchemaLocation="iPassResources.xsd">
  <Resource ID="EULA.VpnTermsOfUseText" Type="File">
    <Value>VPN-Privacy-Statement-ko-KO.html</Value>
  </Resource>
   <Resource ID="EULA.TermsOfUseText" Type="File">
    <Value>LicenseAgreement-ko-KO.html</Value>
  </Resource>
  <Resource ID="EULA.TermsOfUseTitle" Type="Text">
    <Value>사용 약관</Value>
  </Resource>
  <Resource ID="EULA.AcceptButtonTitle" Type="Text">
    <Value>수락</Value>
  </Resource>
  <Resource ID="EULA.PrivacyPolicyText" Type="File">
    <Value>PrivacyPolicy-ko-KO.html</Value>
  </Resource>
  <Resource ID="EULA.PrivacyPolicyTitle" Type="Text">
    <Value>개인정보 보호정책</Value>
  </Resource>
   <Resource ID="EULA.LegalInfoTitle" Type="Text">
    <Value>법률 관련 정보</Value>
  </Resource>
    <Resource ID="very_low_signal_Strength" Type="Text">
        <Value>현재 신호 강도가 약해 연결이 어려울 수 있습니다.  그래도 시도하시겠습니까?</Value>
    </Resource>
    <Resource ID="str_Continue" Type="Text">
        <Value>계속</Value>
    </Resource>
    <Resource ID="str_cancel" Type="Text">
        <Value>취소</Value>
    </Resource>
    
    <Resource ID="level1_ConnFailed" Type="Text">
        <Value>신호가 약해서 연결에 문제가 있는 것 같습니다. 신호가 강한 지역으로 이동하거나 다른 네트워크를 선택하십시오.</Value>
    </Resource>
    <Resource ID="level2_ConnFailed" Type="Text">
        <Value>신호가 약해서 연결이 실패할 수 있습니다. 신호가 강한 지역으로 이동하거나 다른 네트워크를 선택하십시오.</Value>
    </Resource>
    <Resource ID="level3_ConnFailed" Type="Text">
        <Value>신호가 강하지 않아서 연결이 안될 수도 있습니다. 신호가 강한 지역으로 이동하거나 다른 네트워크를 선택하십시오.</Value>
    </Resource>
    
    <Resource ID="non_ipass_network" Type="Text">
        <Value>죄송합니다! 해당 핫스팟이 저희 네트워크의 일부처럼 보이지만 회원이 아니기 때문에 로그인할 수 없을 수 있습니다.  다른 핫스팟을 사용하시기 바랍니다.</Value>
    </Resource>
    
    <Resource ID="service_outage_abort_login" Type="Text">
        <Value>죄송합니다! 이 핫스팟은 현재 확인된 서비스 중단 상태입니다. 다른 핫스팟을 사용하시기 바랍니다.</Value>
    </Resource>
    
    <Resource ID="service_outage_info" Type="Text">
        <Value>이 핫스팟은 현재 서비스 장애 상태일 수 있습니다.  연결에 문제가 있다면 다른 핫스팟을 이용해 보시기 바랍니다.</Value>
    </Resource>
    <Resource ID="PreAuth_FP" Type="Text">
        <Value>죄송합니다. 서비스에 가입되지 않은 위치이므로 자동으로 로그인할 수 없습니다. 로그인을 완료하려면 브라우저로 인터넷에 접속할 수 있어야 합니다.</Value>
    </Resource>
    <Resource ID="GogoInFlight10000FeetErr" Type="Text">
        <Value>You have to be above 10,000 feet to connect to this network.</Value>
    </Resource>
    <Resource ID="str_ok" Type="Text">
        <Value>확인</Value>
    </Resource>
</Resources>