<?xml version="1.0" encoding="UTF-8"?>
<!--Sample XML file generated by XMLSpy v2011 rel. 3 sp1 (x64) (http://www.altova.com)-->
<Help xsi:noNamespaceSchemaLocation="Help.xsd" xmlns:xsi="http://www.w3.org/2001/XMLSchema-instance">
	<HelpItem>
		<Question>Как начать работу с учетной записью iPass?</Question>
		<Answer>Коснитесь кнопки «Назад», чтобы перейти на экран активации, или коснитесь кнопки «Активировать» (на главном экране). После открытия окна приветствия коснитесь кнопки «Начать работу». Введите адрес электронной почты своей компании и коснитесь кнопки «Продолжить». Затем введите свои имя пользователя и пароль в следующем окне для завершения активации. Чтобы узнать свое имя пользователя или пароль, обратитесь в службу поддержки своей компании либо свяжитесь с представителем iPass по адресу help@ipass.com. </Answer>
	</HelpItem>
	<HelpItem>
		<Question>Что делать, если я не помню свое имя пользователя или пароль?</Question>
		<Answer>Зачастую имя пользователя и пароль совпадают с данными для входа компании. В противном случае обратитесь в службу поддержки своей компании либо свяжитесь с представителем iPass по адресу help@ipass.com.</Answer>
	</HelpItem>
	<HelpItem>
		<Question> Как сбросить или восстановить свой пароль?</Question>
		<Answer> Пароль можно сбросить или восстановить, если ваша компания включила такую функцию. Для этого необходимо перейти на портал Open Mobile Portal (https://openmobile.ipass.com/moservices/) либо на страницу внутренней поддержки iPass. Если эти ресурсы недоступны, обратитесь в службу поддержки своей компании либо свяжитесь с представителем iPass по адресу help@ipass.com.</Answer>
	</HelpItem>
	<HelpItem>
		<Question>Что делать в случае проблем с входом в систему или с подключением?</Question>
		<Answer> Ниже приведены несколько рекомендаций. Во-первых, попробуйте обновить свою учетную информацию iPass, коснувшись значка с шестеренкой «Параметры» и выберите «Параметры учетной записи». Во-вторых, попробуйте перейти в место с более сильным сигналом. Наконец, если сеть Wi-Fi имеет одинаковое имя с одной из наших сетей, она может ошибочно отображаться как сеть iPass.</Answer>
	</HelpItem>
	<HelpItem>
		<Question>Что делать в случае проблем с входом в систему Gogo Inflight?</Question>
		<Answer>Перед подключением к Gogo Inflight убедитесь в том, что высота полета составляет более 3000 м. При наборе фраз контрольного изображения отключите функцию автоматического исправления и учитывайте состояние регистра. Если контрольное изображение не отображается, откройте веб-браузер, коснитесь варианта «Роуминг» в нижней части страницы, выберите пункт iPass в раскрывающемся меню партнеров и введите свои учетные данные iPass.</Answer>
	</HelpItem>
	<HelpItem>
		<Question>Где можно использовать iPass?</Question>
		<Answer>iPass действует в большинстве крупных аэропортов, в полете, в ресторанах, парках, различных местах вне помещений и в кафе. Воспользуйтесь системой поиска точек доступа (в главном окне), чтобы найти расположенную поблизости точку доступа с поддержкой iPass. Кроме того, составляйте планы на будущее, загружая список точек доступа для последующего использования без подключения к Интернету. Для этого коснитесь значка с шестеренкой «Параметры» > Предпочитаемые  места для  путешествий и отбор ваших предпочтительных регионов.</Answer>
	</HelpItem>
	<HelpItem>
		<Question> Как создать отчет о проблеме?</Question>
		<Answer>Коснитесь значка «Справка» (вопросительный знак в верхней левой части главного окна) и выберите «Создать отчет о проблеме». Введите адрес электронной почты во всплывающем окне и коснитесь кнопки «Отправить».</Answer>
	</HelpItem>
	<HelpItem>
		<Question>Что делать, если требуется дополнительная помощь?</Question>
		<Answer>Если нужна поддержка, отправьте письмо по адресу help@ipass.com с кратким описанием возникшей проблемы. Укажите адрес электронной почты компании, сведения о местоположении (например, город, отель и т. д.) и данные о точке доступа Wi-Fi.</Answer>
	</HelpItem>
	
	<HelpItem>
		<Question>Что такое «Автоподключение»?</Question>
		<Answer> С помощью этого параметра мы можем творить чудеса, и ваш вход в одну сетей iPass будет выполнен автоматически после того, как ваше устройство обнаружит сеть и подключится к ней.</Answer>
	</HelpItem>
		<HelpItem>
		<Question>Как отключить функцию «Автоподключение» для определенной сети?</Question>
		<Answer>Можно создать собственный список сетей, к которым предпочтительно подключаться вручную. Коснитесь значка с шестеренкой «Параметры» и выберите «Параметры подключения вручную», чтобы добавить сеть в список. Ни к одной из этих сетей не будет выполняться автоматическое подключение.</Answer>
	</HelpItem>
</Help>