<?xml version="1.0" encoding="utf-8"?>
<NotificationConfig xmlns:xsi="http://www.w3.org/2001/XMLSchema-instance" xsi:noNamespaceSchemaLocation="Notifications.xsd">

  <Notifications>
    <Notification id="terms_and_conditions" priority="High">
      <Agreement titleid="EULA.TermsOfUseTitle" Icon="Information">
      	<Label textid="EULA.TermsOfUseText"/>
        <Button type="Accept" textid="EULA.AcceptButtonTitle" onClickAction="DoNothing"/>
      </Agreement>
    </Notification>
      <Notification id="NotifyPreconnectLevel1" priority="Medium">
          <Dialog titleid="title_app">
              <Label textid="very_low_signal_Strength"/>
              <Button type="Accept" textid="str_Continue" onClickAction="Connect"/>
              <Button type="Reject" textid="str_cancel" onClickAction="DoNothing"/>
          </Dialog>
      </Notification>
      <Notification id="NotifyPostConnectFail1" priority="High">
          <Toast textid="level1_ConnFailed" timeout="10"/>
      </Notification>
      <Notification id="NotifyPostConnectFail2" priority="High">
          <Toast textid="level2_ConnFailed" timeout="10"/>
      </Notification>
      <Notification id="NotifyFalsePositive" priority="Medium">
          <Dialog titleid="title_app">
              <Label textid="non_ipass_network"/>
              <Button type="Reject" textid="str_ok" onClickAction="DoNothing"/>
          </Dialog>
      </Notification>
      <Notification id="ServiceOutageAbortLogin" priority="Medium">
          <Dialog titleid="title_app">
              <Label textid="service_outage_abort_login"/>
              <Button type="Reject" textid="str_ok" onClickAction="DoNothing"/>
          </Dialog>
      </Notification>
      <Notification id="ServiceOutageInfo" priority="Medium">
          <Dialog titleid="title_app">
              <Label textid="service_outage_info"/>
              <Button type="Reject" textid="str_ok" onClickAction="DoNothing"/>
          </Dialog>
      </Notification>
      <Notification id="GogoInFlight10000FeetErrNotification" priority="High">
          <Toast textid="GogoInFlight10000FeetErr" timeout="5"/>
      </Notification>
      <Notification id="FalsePositiveToastConnFailed" priority="High">
          <Toast textid="PreAuth_FP" timeout="5"/>
      </Notification>
      <Notification id="FalsePositiveToastAuthFailedFP" priority="High">
          <Toast textid="auth_failed_and_fp" timeout="5"/>
      </Notification>
  </Notifications>
</NotificationConfig>