<?xml version="1.0" encoding="utf-8"?>
<Resources xmlns:xsi="http://www.w3.org/2001/XMLSchema-instance" xsi:noNamespaceSchemaLocation="iPassResources.xsd">

   <Resource ID="Vpn.Gateway.USDislayLabel" Type="Text">
    <Value>美國</Value>
  </Resource>
  <Resource ID="Vpn.Gateway.UKDislayLabel" Type="Text">
    <Value>英國</Value>
  </Resource>
  <Resource ID="Vpn.Gateway.CNDislayLabel" Type="Text">
    <Value>中國</Value>
  </Resource>
  <Resource ID="Vpn.Gateway.AUDislayLabel" Type="Text">
    <Value>澳大利亞</Value>
  </Resource>
</Resources>