<?xml version="1.0" encoding="utf-8"?>
<Resources xmlns:xsi="http://www.w3.org/2001/XMLSchema-instance" xsi:noNamespaceSchemaLocation="iPassResources.xsd">

   <Resource ID="Vpn.Gateway.USDislayLabel" Type="Text">
    <Value>Americas (USA)</Value>
  </Resource>
  <Resource ID="Vpn.Gateway.UKDislayLabel" Type="Text">
    <Value>Europe (UK)</Value>
  </Resource>
  <Resource ID="Vpn.Gateway.GLBDislayLabel" Type="Text">
    <Value>Automatic</Value>
  </Resource>
  <Resource ID="Vpn.Gateway.SGDislayLabel" Type="Text">
    <Value>Singapore</Value>
  </Resource>
</Resources>