<?xml version="1.0" encoding="utf-8"?>
<Resources xmlns:xsi="http://www.w3.org/2001/XMLSchema-instance" xsi:noNamespaceSchemaLocation="iPassResources.xsd">

   <Resource ID="Vpn.Gateway.USDislayLabel" Type="Text">
    <Value>Соединенные Штаты</Value>
  </Resource>
  <Resource ID="Vpn.Gateway.UKDislayLabel" Type="Text">
    <Value>Великобритания</Value>
  </Resource>
  <Resource ID="Vpn.Gateway.CNDislayLabel" Type="Text">
    <Value>Китай</Value>
  </Resource>
  <Resource ID="Vpn.Gateway.AUDislayLabel" Type="Text">
    <Value>Австралия</Value>
  </Resource>
</Resources>