<?xml version="1.0" encoding="UTF-8" standalone="no"?>
<Resources xmlns:xsi="http://www.w3.org/2001/XMLSchema-instance" Language="en-US" xsi:noNamespaceSchemaLocation="Resources.V1.1.xsd">

<Resource ID="Vpn.Gateway.Automatic">
	<Value>Automático</Value>
</Resource>

<Resource ID="Vpn.Gateway.USDisplayLabel">
<Value>Américas (EUA)</Value>
</Resource>

<Resource ID="Vpn.Gateway.IEDisplayLabel">
<Value>Europa (Reino Unido)</Value>
</Resource>

<Resource ID="Vpn.Gateway.SGPDisplayLabel">
<Value>Ásia-Pacífico (Cingapura)</Value>
</Resource>

</Resources> 