<?xml version="1.0" encoding="UTF-8"?>
<Accounts xmlns:xsi="http://www.w3.org/2001/XMLSchema-instance" xsi:noNamespaceSchemaLocation="Accounts.xsd">
<ProfileID>11022</ProfileID>
<MasterAccount>InternetAccount</MasterAccount>
<Account Name="InternetAccount">
<Description>Network Account</Description>
<DisplayText>Internet account</DisplayText>
<Attributes>
<Username Type="Static">
<Display>
<Show>Yes</Show>
<AllowModify>Yes</AllowModify>
<DisplayText>Username</DisplayText>
</Display>
<DefaultValue/>
</Username>
<Domain>
<List/>
<Display>
<Show>Yes</Show>
<AllowModify>Yes</AllowModify>
<DisplayText>Domain</DisplayText>
</Display>
<DefaultValue/>
</Domain>
<Password Type="Static">
<Cache Interval="" Type="Forever">
<AllowEditCache>Yes</AllowEditCache>
</Cache>
<Display>
<Show>Yes</Show>
<AllowModify>Yes</AllowModify>
<DisplayText>Password</DisplayText>
</Display>
<DefaultValue/>
</Password>
</Attributes>
</Account>
</Accounts>
