<?xml version="1.0" encoding="UTF-8"?>
<Engine xmlns:xsi="http://www.w3.org/2001/XMLSchema-instance" xsi:noNamespaceSchemaLocation="Engine.V1.6.xsd">
<ProfileID>11022</ProfileID>
<iPassServerInterface>
<DialerIdServer>
<URL>http://us-scl-did1.ipass.com/dialerId/DialerId</URL>
</DialerIdServer>
</iPassServerInterface>
<Connectivity>
<SupportedMedia/>
</Connectivity>
<Authentication>
<USID Enabled="Yes"/>
<ISEEL Enabled="Yes">
<PublicKey>AQAAAN+JUaU^BpLnxAplgeSXjp0=&amp;AwAAACDz7pIxSxPvz^FpvYdL3Gc=</PublicKey>
<KeyVersion>0</KeyVersion>
<Algorithm>S</Algorithm>
</ISEEL>
</Authentication>
<HotspotFinderURL>http://mobile-hotspot-finder.ipass.com/smartphone/</HotspotFinderURL>
</Engine>
