<?xml version="1.0" encoding="UTF-8"?>
<ServiceInterface xmlns:xsi="http://www.w3.org/2001/XMLSchema-instance" ScanPeriod="86400" xsi:noNamespaceSchemaLocation="ServiceInterface.xsd"> <ProfileID>11022</ProfileID> <Service Name="UpdateService">
<URL>http://om-updater.ipass.com/moupdates/rest/api/ipass/1043068/mo/updateservice/update</URL> </Service>  <Service Name="UpdateStatus">    <URL>http://om-updater.ipass.com/moupdates/rest/api/ipass/1043068/mo/updateservice/update?action=statusupdate</URL> </Service>  <Service Name="SQMClient">    <URL>https://om-datacollector.ipass.com/datacollector/rest/sqmservice/client-list</URL>  </Service>  <Service Name="SQMConnection">    <URL>https://om-datacollector.ipass.com/datacollector/rest/sqmservice/connection-list</URL>  </Service>
<Service Name="SQMUserAcceptance">    <URL>https://om-datacollector.ipass.com/datacollector/rest/sqmservice/user-acceptance-list</URL>  </Service>
<Service Name="SQMDevice">    <URL>https://om-datacollector.ipass.com/datacollector/rest/sqmservice/device-list</URL>  </Service>
<Service Name="SQMUsage">    <URL>https://om-datacollector.ipass.com/datacollector/rest/sqmservice/usage-list</URL>  </Service>
<Service Name="SQMApplication">    <URL>https://om-datacollector.ipass.com/datacollector/rest/sqmservice/sqm-list</URL>  </Service>
<Service Name="LegacyDialer">    <URL>http://pb.ipass.com/version/</URL>  </Service>
</ServiceInterface>
